[{"id":"11ad7dc4-4318-4c29-a11a-cae84d62f2a2","version":0,"segmentId":"85229e69-3ad7-42c3-9255-38af49a05ace","segmentSysname":"SYSTEM","segmentName":"SYSTEM","sysname":"cryptoServiceUser","name":"Пользователь крипто-сервиса","description":"Пользователь крипто-сервиса","crossSegmentMembershipAllowed":false,"hasUserAccounts":false,"hasRoles":true,"securityGroupAttributes":[],"stamps":{"creationDate":"2021-01-19T08:38:11.567Z","modificationDate":null,"creatorId":"28149699-b3a2-4365-a8f0-26239c99f1dd","modifierId":null,"creatorFio":"Администратор системы","modifierFio":null}},{"id":"12b591c2-8e84-4dd4-a908-c4bf6fd78c37","version":0,"segmentId":"85229e69-3ad7-42c3-9255-38af49a05ace","segmentSysname":"SYSTEM","segmentName":"SYSTEM","sysname":"qwerty","name":"qwerty","description":null,"crossSegmentMembershipAllowed":false,"hasUserAccounts":true,"hasRoles":true,"securityGroupAttributes":[],"stamps":{"creationDate":"2021-01-25T13:59:23.375Z","modificationDate":null,"creatorId":"28149699-b3a2-4365-a8f0-26239c99f1dd","modifierId":null,"creatorFio":"Администратор системы","modifierFio":null}},{"id":"271e6227-eac4-4a47-a28a-4a954391f4ae","version":0,"segmentId":"85229e69-3ad7-42c3-9255-38af49a05ace","segmentSysname":"SYSTEM","segmentName":"SYSTEM","sysname":"EVERYONE","name":"ВСЕ","description":"Специальная группа, неявно содержащая все учетные записи","crossSegmentMembershipAllowed":false,"hasUserAccounts":false,"hasRoles":true,"securityGroupAttributes":[],"stamps":{"creationDate":"2021-01-19T08:38:02.555695Z","modificationDate":null,"creatorId":"28149699-b3a2-4365-a8f0-26239c99f1dd","modifierId":null,"creatorFio":"Администратор системы","modifierFio":null}},{"id":"2f21979a-9dc3-421c-b843-12390063e69a","version":1,"segmentId":"85229e69-3ad7-42c3-9255-38af49a05ace","segmentSysname":"SYSTEM","segmentName":"SYSTEM","sysname":"group","name":"group","description":null,"crossSegmentMembershipAllowed":true,"hasUserAccounts":false,"hasRoles":false,"securityGroupAttributes":[],"stamps":{"creationDate":"2021-01-21T12:01:05.896Z","modificationDate":"2021-01-25T09:48:34.342Z","creatorId":"28149699-b3a2-4365-a8f0-26239c99f1dd","modifierId":"28149699-b3a2-4365-a8f0-26239c99f1dd","creatorFio":"Администратор системы","modifierFio":"Администратор системы"}},{"id":"6d999026-978a-4dc6-87e2-a78796f0bf60","version":0,"segmentId":"fbfd561c-b735-4c31-af84-7c4191ff0610","segmentSysname":"esia-test","segmentName":"ЕСИА-сегмент","sysname":"sysadmin_copy","name":"sysadmin_копия","description":null,"crossSegmentMembershipAllowed":false,"hasUserAccounts":true,"hasRoles":true,"securityGroupAttributes":[],"stamps":{"creationDate":"2021-01-20T09:56:39.701Z","modificationDate":null,"creatorId":"28149699-b3a2-4365-a8f0-26239c99f1dd","modifierId":null,"creatorFio":"Администратор системы","modifierFio":null}},{"id":"90c40e35-83a8-4e02-8084-c925e8fb97a4","version":0,"segmentId":"85229e69-3ad7-42c3-9255-38af49a05ace","segmentSysname":"SYSTEM","segmentName":"SYSTEM","sysname":"test","name":"test","description":null,"crossSegmentMembershipAllowed":false,"hasUserAccounts":true,"hasRoles":false,"securityGroupAttributes":[],"stamps":{"creationDate":"2021-01-25T09:55:30.792Z","modificationDate":null,"creatorId":"28149699-b3a2-4365-a8f0-26239c99f1dd","modifierId":null,"creatorFio":"Администратор системы","modifierFio":null}},{"id":"9cb7a588-9a48-4889-8aed-7b4cb6fb4e2f","version":0,"segmentId":"85229e69-3ad7-42c3-9255-38af49a05ace","segmentSysname":"SYSTEM","segmentName":"SYSTEM","sysname":"system","name":"Системная группа","description":"Системная группа","crossSegmentMembershipAllowed":false,"hasUserAccounts":true,"hasRoles":true,"securityGroupAttributes":[],"stamps":{"creationDate":"2021-01-19T08:38:04.417482Z","modificationDate":null,"creatorId":"28149699-b3a2-4365-a8f0-26239c99f1dd","modifierId":null,"creatorFio":"Администратор системы","modifierFio":null}},{"id":"9ef0ade0-da93-48b4-b2b3-5b4db325948e","version":0,"segmentId":"85229e69-3ad7-42c3-9255-38af49a05ace","segmentSysname":"SYSTEM","segmentName":"SYSTEM","sysname":"authenticationProviderGroup","name":"Группа служебных учетных записей провайдеров аутентификации","description":"Группа служебных учетных записей провайдеров аутентификации","crossSegmentMembershipAllowed":false,"hasUserAccounts":true,"hasRoles":true,"securityGroupAttributes":[],"stamps":{"creationDate":"2021-01-19T08:38:11.542Z","modificationDate":null,"creatorId":"28149699-b3a2-4365-a8f0-26239c99f1dd","modifierId":null,"creatorFio":"Администратор системы","modifierFio":null}},{"id":"9fab3f11-ad49-40f2-8bf6-60abae76c036","version":0,"segmentId":"85229e69-3ad7-42c3-9255-38af49a05ace","segmentSysname":"SYSTEM","segmentName":"SYSTEM","sysname":"propertiesServiceReader","name":"Пользователь СУНП (только чтение)","description":"Пользователь СУНП (только чтение)","crossSegmentMembershipAllowed":false,"hasUserAccounts":true,"hasRoles":true,"securityGroupAttributes":[],"stamps":{"creationDate":"2021-01-19T08:38:11.576Z","modificationDate":null,"creatorId":"28149699-b3a2-4365-a8f0-26239c99f1dd","modifierId":null,"creatorFio":"Администратор системы","modifierFio":null}},{"id":"a880540a-e153-49ce-a1bb-8cc255f17cdc","version":0,"segmentId":"85229e69-3ad7-42c3-9255-38af49a05ace","segmentSysname":"SYSTEM","segmentName":"SYSTEM","sysname":"csvImporterGroup","name":"Группа пользователей интерфейса импорта учетных записей пользователей","description":"Группа пользователей интерфейса импорта учетных записей пользователей","crossSegmentMembershipAllowed":false,"hasUserAccounts":true,"hasRoles":true,"securityGroupAttributes":[],"stamps":{"creationDate":"2021-01-19T08:38:11.556Z","modificationDate":null,"creatorId":"28149699-b3a2-4365-a8f0-26239c99f1dd","modifierId":null,"creatorFio":"Администратор системы","modifierFio":null}}]