[{"id":"2f21979a-9dc3-421c-b843-12390063e69a","version":1,"segmentId":"85229e69-3ad7-42c3-9255-38af49a05ace","segmentSysname":"SYSTEM","segmentName":"SYSTEM","sysname":"group","name":"group","description":null,"crossSegmentMembershipAllowed":true,"hasUserAccounts":false,"hasRoles":false,"securityGroupAttributes":[],"stamps":{"creationDate":"2021-01-21T12:01:05.896Z","modificationDate":"2021-01-25T09:48:34.342Z","creatorId":"28149699-b3a2-4365-a8f0-26239c99f1dd","modifierId":"28149699-b3a2-4365-a8f0-26239c99f1dd","creatorFio":"Администратор системы","modifierFio":"Администратор системы"}},{"id":"c97895f7-7bbe-4ea9-9931-fccd34b4bc1a","version":0,"segmentId":"9cbdf796-35e4-461b-895d-5fff3b8748e1","segmentSysname":"autotestsegment_5303","segmentName":"autotestsegment_5303","sysname":"group5303","name":"group5303","description":null,"crossSegmentMembershipAllowed":true,"hasUserAccounts":true,"hasRoles":false,"securityGroupAttributes":[],"stamps":{"creationDate":"2021-01-25T11:08:15.767Z","modificationDate":null,"creatorId":"28149699-b3a2-4365-a8f0-26239c99f1dd","modifierId":null,"creatorFio":"Администратор системы","modifierFio":null}},{"id":"12b591c2-8e84-4dd4-a908-c4bf6fd78c37","version":0,"segmentId":"85229e69-3ad7-42c3-9255-38af49a05ace","segmentSysname":"SYSTEM","segmentName":"SYSTEM","sysname":"qwerty","name":"qwerty","description":null,"crossSegmentMembershipAllowed":false,"hasUserAccounts":true,"hasRoles":true,"securityGroupAttributes":[],"stamps":{"creationDate":"2021-01-25T13:59:23.375Z","modificationDate":null,"creatorId":"28149699-b3a2-4365-a8f0-26239c99f1dd","modifierId":null,"creatorFio":"Администратор системы","modifierFio":null}},{"id":"c9e900aa-36ac-4570-8db7-f3953b3c1049","version":53,"segmentId":"85229e69-3ad7-42c3-9255-38af49a05ace","segmentSysname":"SYSTEM","segmentName":"SYSTEM","sysname":"sysadmin","name":"sysadmin","description":"Predefined system group for sysadmin users","crossSegmentMembershipAllowed":false,"hasUserAccounts":true,"hasRoles":true,"securityGroupAttributes":[{"key":"test_attr1","name":"test_attr1","value":"21211"},{"key":"test_attr2","name":"test_attr2","value":"2328"}],"stamps":{"creationDate":"2021-01-19T08:38:02.555695Z","modificationDate":"2021-01-25T13:41:28.111Z","creatorId":"28149699-b3a2-4365-a8f0-26239c99f1dd","modifierId":"bc83b034-ab47-40f1-a26a-c5f90d4305b8","creatorFio":"Администратор системы","modifierFio":"Тестовый Тест"}},{"id":"6d999026-978a-4dc6-87e2-a78796f0bf60","version":0,"segmentId":"fbfd561c-b735-4c31-af84-7c4191ff0610","segmentSysname":"esia-test","segmentName":"ЕСИА-сегмент","sysname":"sysadmin_copy","name":"sysadmin_копия","description":null,"crossSegmentMembershipAllowed":false,"hasUserAccounts":true,"hasRoles":true,"securityGroupAttributes":[],"stamps":{"creationDate":"2021-01-20T09:56:39.701Z","modificationDate":null,"creatorId":"28149699-b3a2-4365-a8f0-26239c99f1dd","modifierId":null,"creatorFio":"Администратор системы","modifierFio":null}},{"id":"90c40e35-83a8-4e02-8084-c925e8fb97a4","version":0,"segmentId":"85229e69-3ad7-42c3-9255-38af49a05ace","segmentSysname":"SYSTEM","segmentName":"SYSTEM","sysname":"test","name":"test","description":null,"crossSegmentMembershipAllowed":false,"hasUserAccounts":true,"hasRoles":false,"securityGroupAttributes":[],"stamps":{"creationDate":"2021-01-25T09:55:30.792Z","modificationDate":null,"creatorId":"28149699-b3a2-4365-a8f0-26239c99f1dd","modifierId":null,"creatorFio":"Администратор системы","modifierFio":null}},{"id":"271e6227-eac4-4a47-a28a-4a954391f4ae","version":0,"segmentId":"85229e69-3ad7-42c3-9255-38af49a05ace","segmentSysname":"SYSTEM","segmentName":"SYSTEM","sysname":"EVERYONE","name":"ВСЕ","description":"Специальная группа, неявно содержащая все учетные записи","crossSegmentMembershipAllowed":false,"hasUserAccounts":false,"hasRoles":true,"securityGroupAttributes":[],"stamps":{"creationDate":"2021-01-19T08:38:02.555695Z","modificationDate":null,"creatorId":"28149699-b3a2-4365-a8f0-26239c99f1dd","modifierId":null,"creatorFio":"Администратор системы","modifierFio":null}},{"id":"a880540a-e153-49ce-a1bb-8cc255f17cdc","version":0,"segmentId":"85229e69-3ad7-42c3-9255-38af49a05ace","segmentSysname":"SYSTEM","segmentName":"SYSTEM","sysname":"csvImporterGroup","name":"Группа пользователей интерфейса импорта учетных записей пользователей","description":"Группа пользователей интерфейса импорта учетных записей пользователей","crossSegmentMembershipAllowed":false,"hasUserAccounts":true,"hasRoles":true,"securityGroupAttributes":[],"stamps":{"creationDate":"2021-01-19T08:38:11.556Z","modificationDate":null,"creatorId":"28149699-b3a2-4365-a8f0-26239c99f1dd","modifierId":null,"creatorFio":"Администратор системы","modifierFio":null}},{"id":"9ef0ade0-da93-48b4-b2b3-5b4db325948e","version":0,"segmentId":"85229e69-3ad7-42c3-9255-38af49a05ace","segmentSysname":"SYSTEM","segmentName":"SYSTEM","sysname":"authenticationProviderGroup","name":"Группа служебных учетных записей провайдеров аутентификации","description":"Группа служебных учетных записей провайдеров аутентификации","crossSegmentMembershipAllowed":false,"hasUserAccounts":true,"hasRoles":true,"securityGroupAttributes":[],"stamps":{"creationDate":"2021-01-19T08:38:11.542Z","modificationDate":null,"creatorId":"28149699-b3a2-4365-a8f0-26239c99f1dd","modifierId":null,"creatorFio":"Администратор системы","modifierFio":null}},{"id":"11ad7dc4-4318-4c29-a11a-cae84d62f2a2","version":0,"segmentId":"85229e69-3ad7-42c3-9255-38af49a05ace","segmentSysname":"SYSTEM","segmentName":"SYSTEM","sysname":"cryptoServiceUser","name":"Пользователь крипто-сервиса","description":"Пользователь крипто-сервиса","crossSegmentMembershipAllowed":false,"hasUserAccounts":false,"hasRoles":true,"securityGroupAttributes":[],"stamps":{"creationDate":"2021-01-19T08:38:11.567Z","modificationDate":null,"creatorId":"28149699-b3a2-4365-a8f0-26239c99f1dd","modifierId":null,"creatorFio":"Администратор системы","modifierFio":null}}]