[{"id":"c9e900aa-36ac-4570-8db7-f3953b3c1049","version":53,"segmentId":"85229e69-3ad7-42c3-9255-38af49a05ace","segmentSysname":"SYSTEM","segmentName":"SYSTEM","sysname":"sysadmin","name":"sysadmin","description":"Predefined system group for sysadmin users","crossSegmentMembershipAllowed":false,"hasUserAccounts":true,"hasRoles":true,"securityGroupAttributes":[{"key":"test_attr1","name":"test_attr1","value":"21211"},{"key":"test_attr2","name":"test_attr2","value":"2328"}],"stamps":{"creationDate":"2021-01-19T08:38:02.555695Z","modificationDate":"2021-01-25T13:41:28.111Z","creatorId":"28149699-b3a2-4365-a8f0-26239c99f1dd","modifierId":"bc83b034-ab47-40f1-a26a-c5f90d4305b8","creatorFio":"Администратор системы","modifierFio":"Тестовый Тест"}},{"id":"6d999026-978a-4dc6-87e2-a78796f0bf60","version":0,"segmentId":"fbfd561c-b735-4c31-af84-7c4191ff0610","segmentSysname":"esia-test","segmentName":"ЕСИА-сегмент","sysname":"sysadmin_copy","name":"sysadmin_копия","description":null,"crossSegmentMembershipAllowed":false,"hasUserAccounts":true,"hasRoles":true,"securityGroupAttributes":[],"stamps":{"creationDate":"2021-01-20T09:56:39.701Z","modificationDate":null,"creatorId":"28149699-b3a2-4365-a8f0-26239c99f1dd","modifierId":null,"creatorFio":"Администратор системы","modifierFio":null}},{"id":"90c40e35-83a8-4e02-8084-c925e8fb97a4","version":0,"segmentId":"85229e69-3ad7-42c3-9255-38af49a05ace","segmentSysname":"SYSTEM","segmentName":"SYSTEM","sysname":"test","name":"test","description":null,"crossSegmentMembershipAllowed":false,"hasUserAccounts":true,"hasRoles":false,"securityGroupAttributes":[],"stamps":{"creationDate":"2021-01-25T09:55:30.792Z","modificationDate":null,"creatorId":"28149699-b3a2-4365-a8f0-26239c99f1dd","modifierId":null,"creatorFio":"Администратор системы","modifierFio":null}}]