[{"id":"0f78aa55-0b4b-421d-8d68-6cd4875e22a8","sysname":"PasswordStrength","name":"Сложность пароля","description":"Json-объект с настройками парольной политики: classes - множество символьных классов, формирующих алфавит пароля; classes.name - название класса; classes.symbols - множество допустимых символов класса; classes.obligatory - признак обязательности наличия в пароле хотя бы одного символа из данного класса; minLength - минимальная длина пароля.","valueDefault":"{\"classes\": [{ \"name\": \"латиница (нижний регистр)\",\"symbols\": \"abcdefghijklmnopqrstvuwxyz\",\"obligatory\": false}, {\"name\": \"латиница (верхний регистр)\",\"symbols\": \"ABCDEFGHIJKLMNOPQRSTVUWXYZ\",\"obligatory\": false}, {\"name\": \"кириллица (верхний регистр)\", \"symbols\": \"АБВГДЕЁЖЗИЙКЛМНОПРСТУФХЦЧШЩЬЫЪЭЮЯ\",\"obligatory\": false}, {\"name\": \"кириллица (нижний регистр)\",\"symbols\": \"абвгдеёжзийклмнопрстуфхцчшщьыъэюя\",\"obligatory\": false}, {\"name\": \"цифры\",\"symbols\": \"0123456789\",\"obligatory\": false}, {\"name\": \"специальные знаки\",\"symbols\": \"~!@#$%^&*()_+`-=\",\"obligatory\": false}],\"minLength\": 8}","valueRegex":null,"categoryRefItemId":"b603fb2c-e890-4d19-bc58-b5ce8840ab8f","categorySysname":"SECURITY_POLICY","categoryName":"Настройка политики безопасности","isProtected":false}]