[{"id":"00522e46-7128-40bb-964b-d8a6f4724a23","version":1,"login":"kennedi.schaefer","segmentId":"85229e69-3ad7-42c3-9255-38af49a05ace","segmentSysname":"SYSTEM","segmentName":"SYSTEM","isSystemSegment":true,"accountType":"EXT_SYSTEM","accountTypeId":"8b09ff77-9017-4762-a021-56dd36e3768f","accountTypeName":"Внешняя система","status":"BLOCKED","statusName":"Заблокирована","statusChangeReason":null,"statusExpirationDate":null,"statusAfterExpiration":null,"passwordExpirationDate":null,"userProfileId":null,"snils":null,"email":null,"nameFirst":null,"nameLast":null,"nameMiddle":null,"fio":null,"hasPersEndpoints":false,"hasPersBusinessOperations":false,"userAccountAttributes":[],"stamps":{"creationDate":"2021-01-20T12:46:02.380Z","modificationDate":"2021-01-20T13:04:32.900Z","creatorId":"28149699-b3a2-4365-a8f0-26239c99f1dd","modifierId":"28149699-b3a2-4365-a8f0-26239c99f1dd","creatorFio":"Администратор системы","modifierFio":"Администратор системы"}},{"id":"01736f7c-d6f3-4aff-ad4c-3846a902cb03","version":4,"login":"asia.lakin","segmentId":"85229e69-3ad7-42c3-9255-38af49a05ace","segmentSysname":"SYSTEM","segmentName":"SYSTEM","isSystemSegment":true,"accountType":"AGENT","accountTypeId":"808981d9-1b03-48e2-a729-f46f2d4dcf5b","accountTypeName":"Агент","status":"ACTIVE","statusName":"Активна","statusChangeReason":null,"statusExpirationDate":null,"statusAfterExpiration":null,"passwordExpirationDate":"2021-04-20T12:43:42.273Z","userProfileId":null,"snils":null,"email":null,"nameFirst":null,"nameLast":null,"nameMiddle":null,"fio":null,"hasPersEndpoints":false,"hasPersBusinessOperations":false,"userAccountAttributes":[],"stamps":{"creationDate":"2021-01-20T10:13:20.281Z","modificationDate":"2021-01-20T13:55:57.764Z","creatorId":"28149699-b3a2-4365-a8f0-26239c99f1dd","modifierId":"28149699-b3a2-4365-a8f0-26239c99f1dd","creatorFio":"Администратор системы","modifierFio":"Администратор системы"}},{"id":"01f57209-493a-4ec8-8472-d453eb0c7359","version":0,"login":"prudence.stracke","segmentId":"85229e69-3ad7-42c3-9255-38af49a05ace","segmentSysname":"SYSTEM","segmentName":"SYSTEM","isSystemSegment":true,"accountType":"EXT_SYSTEM","accountTypeId":"8b09ff77-9017-4762-a021-56dd36e3768f","accountTypeName":"Внешняя система","status":"BLOCKED","statusName":"Заблокирована","statusChangeReason":null,"statusExpirationDate":null,"statusAfterExpiration":null,"passwordExpirationDate":null,"userProfileId":null,"snils":null,"email":null,"nameFirst":null,"nameLast":null,"nameMiddle":null,"fio":null,"hasPersEndpoints":false,"hasPersBusinessOperations":false,"userAccountAttributes":[],"stamps":{"creationDate":"2021-01-25T08:57:14.052Z","modificationDate":null,"creatorId":"28149699-b3a2-4365-a8f0-26239c99f1dd","modifierId":null,"creatorFio":"Администратор системы","modifierFio":null}},{"id":"033a57bc-8ce1-46af-a667-7aef7223dac7","version":0,"login":null,"segmentId":"85229e69-3ad7-42c3-9255-38af49a05ace","segmentSysname":"SYSTEM","segmentName":"SYSTEM","isSystemSegment":true,"accountType":"COMMON","accountTypeId":"4af111db-0e0c-47b6-a87a-d19e2cf83f1b","accountTypeName":"Внешний пользователь","status":"ACTIVE","statusName":"Активна","statusChangeReason":null,"statusExpirationDate":null,"statusAfterExpiration":null,"passwordExpirationDate":null,"userProfileId":"1666ea9e-5ed6-491f-9084-6961f4335411","snils":"141-756-576 73","email":"email62134552464@api.ru","nameFirst":"api_profile_firstName 62134552464","nameLast":"api_profile_lastname 62134552464","nameMiddle":"api_profile_middlename 62134552464","fio":"api_profile_lastname 62134552464 api_profile_firstName 62134552464 api_profile_middlename 62134552464","hasPersEndpoints":true,"hasPersBusinessOperations":true,"userAccountAttributes":[],"stamps":{"creationDate":"2021-01-22T12:38:32.381Z","modificationDate":null,"creatorId":"28149699-b3a2-4365-a8f0-26239c99f1dd","modifierId":null,"creatorFio":"Администратор системы","modifierFio":null}},{"id":"0454439a-c7f8-4013-8f8a-e11d38dca8f5","version":0,"login":"s.frolova","segmentId":"85229e69-3ad7-42c3-9255-38af49a05ace","segmentSysname":"SYSTEM","segmentName":"SYSTEM","isSystemSegment":true,"accountType":"INTERNAL","accountTypeId":"c27de7a9-f86e-4aac-ba93-a505f23cd0d3","accountTypeName":"Внутренний пользователь","status":"ACTIVE","statusName":"Активна","statusChangeReason":null,"statusExpirationDate":null,"statusAfterExpiration":null,"passwordExpirationDate":"2021-04-19T10:52:50.678Z","userProfileId":"ab197cb8-467f-4269-be51-8704897fb808","snils":"000-000-000 00","email":"Администратор системы","nameFirst":"Администратор системы","nameLast":null,"nameMiddle":null,"fio":"Администратор системы","hasPersEndpoints":false,"hasPersBusinessOperations":false,"userAccountAttributes":[],"stamps":{"creationDate":"2021-01-19T10:52:50.673Z","modificationDate":null,"creatorId":"28149699-b3a2-4365-a8f0-26239c99f1dd","modifierId":null,"creatorFio":"Администратор системы","modifierFio":null}},{"id":"049c5560-b171-464d-94e7-9da10841b49b","version":0,"login":"gatling_man","segmentId":"85229e69-3ad7-42c3-9255-38af49a05ace","segmentSysname":"SYSTEM","segmentName":"SYSTEM","isSystemSegment":true,"accountType":"INTERNAL","accountTypeId":"c27de7a9-f86e-4aac-ba93-a505f23cd0d3","accountTypeName":"Внутренний пользователь","status":"ACTIVE","statusName":"Активна","statusChangeReason":null,"statusExpirationDate":null,"statusAfterExpiration":null,"passwordExpirationDate":"2021-04-21T13:48:56.901Z","userProfileId":"ab197cb8-467f-4269-be51-8704897fb808","snils":"000-000-000 00","email":"Администратор системы","nameFirst":"Администратор системы","nameLast":null,"nameMiddle":null,"fio":"Администратор системы","hasPersEndpoints":false,"hasPersBusinessOperations":false,"userAccountAttributes":[],"stamps":{"creationDate":"2021-01-21T13:48:56.895Z","modificationDate":null,"creatorId":"28149699-b3a2-4365-a8f0-26239c99f1dd","modifierId":null,"creatorFio":"Администратор системы","modifierFio":null}},{"id":"0b0772c1-f8b4-418b-b2e9-7dfe3ae76c3f","version":6,"login":"sysadmin1","segmentId":"85229e69-3ad7-42c3-9255-38af49a05ace","segmentSysname":"SYSTEM","segmentName":"SYSTEM","isSystemSegment":true,"accountType":"INTERNAL","accountTypeId":"c27de7a9-f86e-4aac-ba93-a505f23cd0d3","accountTypeName":"Внутренний пользователь","status":"BLOCKED","statusName":"Заблокирована","statusChangeReason":null,"statusExpirationDate":null,"statusAfterExpiration":null,"passwordExpirationDate":"2021-04-21T11:55:48.093Z","userProfileId":"20f99af9-1927-454d-8e9d-1bf6977cfe27","snils":"118-764-903 90","email":"ter@yandex.ru","nameFirst":"Сергей","nameLast":"Иванов","nameMiddle":"Тест","fio":"Иванов Сергей Тест","hasPersEndpoints":false,"hasPersBusinessOperations":false,"userAccountAttributes":[],"stamps":{"creationDate":"2021-01-21T11:55:48.084Z","modificationDate":"2021-01-21T11:59:20.243Z","creatorId":"28149699-b3a2-4365-a8f0-26239c99f1dd","modifierId":"28149699-b3a2-4365-a8f0-26239c99f1dd","creatorFio":"Администратор системы","modifierFio":"Администратор системы"}},{"id":"0bafc179-e441-4d72-8823-b60ac9f690f5","version":0,"login":"bonnie.sanford","segmentId":"85229e69-3ad7-42c3-9255-38af49a05ace","segmentSysname":"SYSTEM","segmentName":"SYSTEM","isSystemSegment":true,"accountType":"EXT_SYSTEM","accountTypeId":"8b09ff77-9017-4762-a021-56dd36e3768f","accountTypeName":"Внешняя система","status":"REGISTERED","statusName":"Зарегистрирована","statusChangeReason":null,"statusExpirationDate":null,"statusAfterExpiration":null,"passwordExpirationDate":null,"userProfileId":null,"snils":null,"email":null,"nameFirst":null,"nameLast":null,"nameMiddle":null,"fio":null,"hasPersEndpoints":false,"hasPersBusinessOperations":false,"userAccountAttributes":[],"stamps":{"creationDate":"2021-01-25T08:57:38.918Z","modificationDate":null,"creatorId":"28149699-b3a2-4365-a8f0-26239c99f1dd","modifierId":null,"creatorFio":"Администратор системы","modifierFio":null}},{"id":"0d09baca-58a4-4abf-aa4b-aa95d41081ea","version":0,"login":"agent007","segmentId":"85229e69-3ad7-42c3-9255-38af49a05ace","segmentSysname":"SYSTEM","segmentName":"SYSTEM","isSystemSegment":true,"accountType":"AGENT","accountTypeId":"808981d9-1b03-48e2-a729-f46f2d4dcf5b","accountTypeName":"Агент","status":"ACTIVE","statusName":"Активна","statusChangeReason":null,"statusExpirationDate":null,"statusAfterExpiration":null,"passwordExpirationDate":"2021-04-25T11:26:14.534Z","userProfileId":null,"snils":null,"email":null,"nameFirst":null,"nameLast":null,"nameMiddle":null,"fio":null,"hasPersEndpoints":false,"hasPersBusinessOperations":false,"userAccountAttributes":[{"key":"test","name":"тестовый","value":"1"}],"stamps":{"creationDate":"2021-01-25T11:26:14.514Z","modificationDate":null,"creatorId":"28149699-b3a2-4365-a8f0-26239c99f1dd","modifierId":null,"creatorFio":"Администратор системы","modifierFio":null}},{"id":"0d6d25ee-931d-4230-bf37-157ee991f3aa","version":0,"login":"barton.blanda","segmentId":"85229e69-3ad7-42c3-9255-38af49a05ace","segmentSysname":"SYSTEM","segmentName":"SYSTEM","isSystemSegment":true,"accountType":"AGENT","accountTypeId":"808981d9-1b03-48e2-a729-f46f2d4dcf5b","accountTypeName":"Агент","status":"ACTIVE","statusName":"Активна","statusChangeReason":null,"statusExpirationDate":null,"statusAfterExpiration":null,"passwordExpirationDate":"2021-04-25T08:56:21.779Z","userProfileId":null,"snils":null,"email":null,"nameFirst":null,"nameLast":null,"nameMiddle":null,"fio":null,"hasPersEndpoints":false,"hasPersBusinessOperations":false,"userAccountAttributes":[],"stamps":{"creationDate":"2021-01-25T08:56:21.771Z","modificationDate":null,"creatorId":"28149699-b3a2-4365-a8f0-26239c99f1dd","modifierId":null,"creatorFio":"Администратор системы","modifierFio":null}}]