{"id":"033a57bc-8ce1-46af-a667-7aef7223dac7","version":0,"login":null,"segmentId":"85229e69-3ad7-42c3-9255-38af49a05ace","segmentSysname":"SYSTEM","segmentName":"SYSTEM","isSystemSegment":true,"isPreferred":false,"accountType":"COMMON","accountTypeId":"4af111db-0e0c-47b6-a87a-d19e2cf83f1b","accountTypeName":"Внешний пользователь","status":"ACTIVE","statusName":"Активна","statusChangeReason":null,"statusExpirationDate":null,"statusAfterExpiration":null,"userProfileId":"1666ea9e-5ed6-491f-9084-6961f4335411","lastUseDate":"2021-01-22T12:38:32.381Z","statusUpdateDate":"2021-01-22T12:38:32.381Z","passwordUpdateDate":"2021-01-22T12:38:32.387Z","passwordExpirationDate":null,"passwordExpirationNotificationDate":null,"userAccountAttributes":[],"stamps":{"creationDate":"2021-01-22T12:38:32.381Z","modificationDate":null,"creatorId":"28149699-b3a2-4365-a8f0-26239c99f1dd","modifierId":null,"creatorFio":"Администратор системы","modifierFio":null}}