{"id":"1666ea9e-5ed6-491f-9084-6961f4335411","version":0,"snils":"141-756-576 73","status":"ACTIVE","statusChangeReason":null,"nameFirst":"api_profile_firstName 62134552464","nameLast":"api_profile_lastname 62134552464","nameMiddle":"api_profile_middlename 62134552464","inn":"115648253989","docSer":"series62134552464","docNum":"number 62134552464","docIssueDate":"2016-05-02","docIssuePlace":"docIssuePlace 62134552464","gender":"F","birthDate":"2016-05-02","birthPlace":"birthPlace 62134552464","citizenship":"AFG","email":"email62134552464@api.ru","phoneNumber":null,"hasUserAccounts":true,"otherInfo":"other info 62134552464","userProfileAttributes":[],"stamps":{"creationDate":"2021-01-20T12:31:50.813Z","modificationDate":null,"creatorId":"28149699-b3a2-4365-a8f0-26239c99f1dd","modifierId":null,"creatorFio":"Администратор системы","modifierFio":null}}