{"id":"4af111db-0e0c-47b6-a87a-d19e2cf83f1b","version":0,"sysname":"COMMON","name":"Внешний пользователь","description":"Учётная запись внешнего пользователя. Для учётных записей этого типа должен быть доступен только провайдер аутентификации ЕСИА в рамках сервиса аутентификации.","isProtected":true,"status":"ACTIVE","statusChangeAllowed":true,"settings":[{"id":"30120f66-5c36-49e5-a212-9e86feb4acf6","version":0,"sysname":"PasswordHistoryCheckDepth","name":"Глубина проверки истории паролей","description":"Максимальное кол-во предыдущих паролей, на совпадение с которыми проводится проверка нового пароля.","value":"0","valueRegex":"\\d{1,9}","categoryRefItemId":"b603fb2c-e890-4d19-bc58-b5ce8840ab8f","categorySysname":"SECURITY_POLICY","categoryName":"Настройка политики безопасности","isProtected":false,"stamps":{"creationDate":"2021-01-19T08:38:04.206722Z","modificationDate":null,"creatorId":"28149699-b3a2-4365-a8f0-26239c99f1dd","modifierId":null,"creatorFio":"Администратор системы","modifierFio":null}},{"id":"fdcdedc1-50bf-49b4-acb2-b0598a71ec4f","version":0,"sysname":"PasswordHistoryEnabled","name":"Ведение истории паролей","description":"Настройка активирует ведение истории изменения паролей и проверки новых создаваемых паролей на несовпадение с ранее созданными.","value":"false","valueRegex":"true|false","categoryRefItemId":"b603fb2c-e890-4d19-bc58-b5ce8840ab8f","categorySysname":"SECURITY_POLICY","categoryName":"Настройка политики безопасности","isProtected":false,"stamps":{"creationDate":"2021-01-19T08:38:04.206722Z","modificationDate":null,"creatorId":"28149699-b3a2-4365-a8f0-26239c99f1dd","modifierId":null,"creatorFio":"Администратор системы","modifierFio":null}},{"id":"fb6b539c-a076-4c06-aeef-2596b2fe2014","version":0,"sysname":"MaxLoginAttemptBlockCycles","name":"Максимальное количество циклов блокировки учётной записи при неуспешных попытках аутентификации","description":"Максимальное количество циклов блокировки учётной записи при неуспешных попытках аутентификации","value":"1","valueRegex":"\\d|10","categoryRefItemId":"b603fb2c-e890-4d19-bc58-b5ce8840ab8f","categorySysname":"SECURITY_POLICY","categoryName":"Настройка политики безопасности","isProtected":false,"stamps":{"creationDate":"2021-01-19T08:38:04.162544Z","modificationDate":null,"creatorId":"28149699-b3a2-4365-a8f0-26239c99f1dd","modifierId":null,"creatorFio":"Администратор системы","modifierFio":null}},{"id":"98257bc6-eda6-4b0d-91d4-cca0ff9cee24","version":0,"sysname":"PasswordExpirationNotificationInterval","name":"Интервал уведомления о скором истечении срока действия пароля (в сутках)","description":"Количество суток от начала оповещения пользователя о скором истечении срока действия пароля до истечения срока действия пароля.","value":"0","valueRegex":"\\d{1,9}","categoryRefItemId":"b603fb2c-e890-4d19-bc58-b5ce8840ab8f","categorySysname":"SECURITY_POLICY","categoryName":"Настройка политики безопасности","isProtected":false,"stamps":{"creationDate":"2021-01-19T08:38:04.153629Z","modificationDate":null,"creatorId":"28149699-b3a2-4365-a8f0-26239c99f1dd","modifierId":null,"creatorFio":"Администратор системы","modifierFio":null}},{"id":"d842c2b4-1b64-416b-8e23-90e4646fd1b5","version":1,"sysname":"KillOldSessionOnOverflow","name":"Признак прерывания старой сессии при превышении количества открытых сессий","description":"Признак прерывания старой сессии при превышении количества открытых сессий для учётной записи. Если true - происходит разрыв самой старой сессии, если false - происходит отказ в создании сессии.","value":"true","valueRegex":"true|false","categoryRefItemId":"b603fb2c-e890-4d19-bc58-b5ce8840ab8f","categorySysname":"SECURITY_POLICY","categoryName":"Настройка политики безопасности","isProtected":false,"stamps":{"creationDate":"2021-01-19T08:38:03.655041Z","modificationDate":"2021-01-25T09:35:14.151Z","creatorId":"28149699-b3a2-4365-a8f0-26239c99f1dd","modifierId":"28149699-b3a2-4365-a8f0-26239c99f1dd","creatorFio":"Администратор системы","modifierFio":"Администратор системы"}},{"id":"fa8594db-2772-48e7-8990-a3fdea50c3d4","version":0,"sysname":"PasswordStrength","name":"Сложность пароля","description":"Json-объект с настройками парольной политики: classes - множество символьных классов, формирующих алфавит пароля; classes.name - название класса; classes.symbols - множество допустимых символов класса; classes.obligatory - признак обязательности наличия в пароле хотя бы одного символа из данного класса; minLength - минимальная длина пароля.","value":"{\"classes\": [{ \"name\": \"латиница (нижний регистр)\",\"symbols\": \"abcdefghijklmnopqrstvuwxyz\",\"obligatory\": false}, {\"name\": \"латиница (верхний регистр)\",\"symbols\": \"ABCDEFGHIJKLMNOPQRSTVUWXYZ\",\"obligatory\": false}, {\"name\": \"кириллица (верхний регистр)\", \"symbols\": \"АБВГДЕЁЖЗИЙКЛМНОПРСТУФХЦЧШЩЬЫЪЭЮЯ\",\"obligatory\": false}, {\"name\": \"кириллица (нижний регистр)\",\"symbols\": \"абвгдеёжзийклмнопрстуфхцчшщьыъэюя\",\"obligatory\": false}, {\"name\": \"цифры\",\"symbols\": \"0123456789\",\"obligatory\": false}, {\"name\": \"специальные знаки\",\"symbols\": \"~!@#$%^&*()_+`-=\",\"obligatory\": false}],\"minLength\": 8}","valueRegex":null,"categoryRefItemId":"b603fb2c-e890-4d19-bc58-b5ce8840ab8f","categorySysname":"SECURITY_POLICY","categoryName":"Настройка политики безопасности","isProtected":false,"stamps":{"creationDate":"2021-01-19T08:38:03.655041Z","modificationDate":null,"creatorId":"28149699-b3a2-4365-a8f0-26239c99f1dd","modifierId":null,"creatorFio":"Администратор системы","modifierFio":null}},{"id":"d2c598f2-5ced-41f0-ad63-b3938dbe1722","version":0,"sysname":"MaxParallelSessionsPreferred","name":"Максимальное количество одновременных сессий для привилегированной учётной записи","description":"Максимальное количество одновременных сессий для каждой учётной записи, обладающей привилегированной ролью. Для параметра доступно лишь одно из двух значений: 1 или 2. Иные значения не допускаются.","value":"1","valueRegex":"[12]","categoryRefItemId":"b603fb2c-e890-4d19-bc58-b5ce8840ab8f","categorySysname":"SECURITY_POLICY","categoryName":"Настройка политики безопасности","isProtected":false,"stamps":{"creationDate":"2021-01-19T08:38:03.655041Z","modificationDate":null,"creatorId":"28149699-b3a2-4365-a8f0-26239c99f1dd","modifierId":null,"creatorFio":"Администратор системы","modifierFio":null}},{"id":"83378999-cd01-4bac-97e7-62a35585abb7","version":0,"sysname":"MaxParallelSessionsCommon","name":"Максимальное количество одновременных сессий для непривилегированной учётной записи","description":"Максимальное количество одновременных сессий для каждой учётной записи, не обладающей привилегированной ролью. Значение 0 означает, что непривилегированные учётные записи не могут создавать сессии. Значение -1 означает отсутствие ограничений.","value":"-1","valueRegex":"-1|\\d{0,9}|1\\d{0,9}","categoryRefItemId":"b603fb2c-e890-4d19-bc58-b5ce8840ab8f","categorySysname":"SECURITY_POLICY","categoryName":"Настройка политики безопасности","isProtected":false,"stamps":{"creationDate":"2021-01-19T08:38:03.655041Z","modificationDate":null,"creatorId":"28149699-b3a2-4365-a8f0-26239c99f1dd","modifierId":null,"creatorFio":"Администратор системы","modifierFio":null}},{"id":"d0e7de18-47cc-40d6-a8ff-dab99f8717ed","version":0,"sysname":"ExpiredPasswordResetAllowed","name":"Признак разрешения смены пароля с истёкшим сроком действия самим пользователем","description":"Признак разрешения смены пароля с истёкшим сроком действия самим пользователем.","value":"false","valueRegex":"true|false","categoryRefItemId":"b603fb2c-e890-4d19-bc58-b5ce8840ab8f","categorySysname":"SECURITY_POLICY","categoryName":"Настройка политики безопасности","isProtected":false,"stamps":{"creationDate":"2021-01-19T08:38:03.655041Z","modificationDate":null,"creatorId":"28149699-b3a2-4365-a8f0-26239c99f1dd","modifierId":null,"creatorFio":"Администратор системы","modifierFio":null}},{"id":"073f849c-6521-4e6c-ba26-602f08466567","version":0,"sysname":"PasswordLifeTime","name":"Время жизни пароля, в сутках","description":"Время жизни пароля, в сутках. По истечении этого времени создание сессии для учётной записи будет не доступным до смены пароля.","value":"90","valueRegex":"\\d{0,9}|1\\d{0,9}","categoryRefItemId":"b603fb2c-e890-4d19-bc58-b5ce8840ab8f","categorySysname":"SECURITY_POLICY","categoryName":"Настройка политики безопасности","isProtected":false,"stamps":{"creationDate":"2021-01-19T08:38:03.655041Z","modificationDate":null,"creatorId":"28149699-b3a2-4365-a8f0-26239c99f1dd","modifierId":null,"creatorFio":"Администратор системы","modifierFio":null}},{"id":"37490027-50c9-43ce-ab5a-80015aec820f","version":0,"sysname":"FailedLoginBlockTimeout","name":"Таймаут блокировки при достижении максимального количества неудачных попыток входа, в секундах","description":"Таймаут блокировки учётной записи пользователя при достижении максимального количества неудачных попыток входа в систему. Если параметр имеет отрицательное значение, учётная запись блокируется бессрочно.","value":"600","valueRegex":"-1|\\d{0,9}|1\\d{0,9}","categoryRefItemId":"b603fb2c-e890-4d19-bc58-b5ce8840ab8f","categorySysname":"SECURITY_POLICY","categoryName":"Настройка политики безопасности","isProtected":false,"stamps":{"creationDate":"2021-01-19T08:38:03.655041Z","modificationDate":null,"creatorId":"28149699-b3a2-4365-a8f0-26239c99f1dd","modifierId":null,"creatorFio":"Администратор системы","modifierFio":null}},{"id":"0dfde050-ffa1-4638-98cb-27cbb57834a9","version":0,"sysname":"MaxFailedLoginAttempts","name":"Максимальное количество неудачных попыток входа","description":"Максимальное количество неудачных попыток входа в систему (аутентификации).","value":"3","valueRegex":"\\d{0,9}|1\\d{0,9}","categoryRefItemId":"b603fb2c-e890-4d19-bc58-b5ce8840ab8f","categorySysname":"SECURITY_POLICY","categoryName":"Настройка политики безопасности","isProtected":false,"stamps":{"creationDate":"2021-01-19T08:38:03.655041Z","modificationDate":null,"creatorId":"28149699-b3a2-4365-a8f0-26239c99f1dd","modifierId":null,"creatorFio":"Администратор системы","modifierFio":null}},{"id":"61576b1d-07c1-4aad-91d6-b5d383e2cf9d","version":0,"sysname":"UserAccountInactiveTimeout","name":"Таймаут бездействия учётной записи, в сутках","description":"Максимальное время неактивности учётной записи. Отсчитывается с момента аутентификации или любого сервисного вызова от имени учётной записи.","value":"90","valueRegex":"\\d{0,9}|1\\d{0,9}","categoryRefItemId":"b603fb2c-e890-4d19-bc58-b5ce8840ab8f","categorySysname":"SECURITY_POLICY","categoryName":"Настройка политики безопасности","isProtected":false,"stamps":{"creationDate":"2021-01-19T08:38:03.655041Z","modificationDate":null,"creatorId":"28149699-b3a2-4365-a8f0-26239c99f1dd","modifierId":null,"creatorFio":"Администратор системы","modifierFio":null}},{"id":"dadbdd74-498c-4e88-85db-d6697a6805c6","version":0,"sysname":"SessionLifetime","name":"Время жизни сессии, в секундах","description":"Максимальное время жизни сессии, начиная с времени создания сессии.","value":"31536000","valueRegex":"\\d{0,9}|1\\d{0,9}","categoryRefItemId":"b603fb2c-e890-4d19-bc58-b5ce8840ab8f","categorySysname":"SECURITY_POLICY","categoryName":"Настройка политики безопасности","isProtected":false,"stamps":{"creationDate":"2021-01-19T08:38:03.655041Z","modificationDate":null,"creatorId":"28149699-b3a2-4365-a8f0-26239c99f1dd","modifierId":null,"creatorFio":"Администратор системы","modifierFio":null}},{"id":"e6025495-798b-40d9-b8b5-ea38dc2d717f","version":0,"sysname":"SessionInactiveTimeout","name":"Время неактивности сессии, в секундах","description":"Время неактивности сессии, в секундах, при истечении которого сессия будет автоматически удалена.","value":"900","valueRegex":"\\d{0,9}|1\\d{0,9}","categoryRefItemId":"b603fb2c-e890-4d19-bc58-b5ce8840ab8f","categorySysname":"SECURITY_POLICY","categoryName":"Настройка политики безопасности","isProtected":false,"stamps":{"creationDate":"2021-01-19T08:38:03.655041Z","modificationDate":null,"creatorId":"28149699-b3a2-4365-a8f0-26239c99f1dd","modifierId":null,"creatorFio":"Администратор системы","modifierFio":null}},{"id":"8bfaaf0c-0e6c-417f-bc67-16c9c30de017","version":0,"sysname":"CreateSessionBySessionManagerAllowed","name":"Разрешение на создание сессии из сервиса управления сессиями","description":"Разрешение на создание сессии для учётной записи данного типа из сервиса управления сессиями.","value":"true","valueRegex":"true|false","categoryRefItemId":"73048df5-fe0f-494b-85f4-da56c457857b","categorySysname":"FUNDAMENTAL","categoryName":"Фундаментальная настройка","isProtected":true,"stamps":{"creationDate":"2021-01-19T08:38:03.655041Z","modificationDate":null,"creatorId":"28149699-b3a2-4365-a8f0-26239c99f1dd","modifierId":null,"creatorFio":"Администратор системы","modifierFio":null}},{"id":"16bf5284-0fdd-48e3-b28b-3269d54bec43","version":0,"sysname":"HasUserProfile","name":"Наличие профиля пользователя","description":"Наличие профиля пользователя для учетной записи. {true, false}.","value":"true","valueRegex":"true|false","categoryRefItemId":"73048df5-fe0f-494b-85f4-da56c457857b","categorySysname":"FUNDAMENTAL","categoryName":"Фундаментальная настройка","isProtected":true,"stamps":{"creationDate":"2021-01-19T08:38:03.655041Z","modificationDate":null,"creatorId":"28149699-b3a2-4365-a8f0-26239c99f1dd","modifierId":null,"creatorFio":"Администратор системы","modifierFio":null}},{"id":"f16a94f5-f2d0-4944-88da-86f46a332a7c","version":0,"sysname":"HasLocalPassword","name":"Наличие пароля","description":"Наличие пароля, хранящегося в базе данных модуля защиты","value":"false","valueRegex":"true|false","categoryRefItemId":"73048df5-fe0f-494b-85f4-da56c457857b","categorySysname":"FUNDAMENTAL","categoryName":"Фундаментальная настройка","isProtected":true,"stamps":{"creationDate":"2021-01-19T08:38:03.655041Z","modificationDate":null,"creatorId":"28149699-b3a2-4365-a8f0-26239c99f1dd","modifierId":null,"creatorFio":"Администратор системы","modifierFio":null}},{"id":"efedab92-6ca1-4650-bad5-ac770e071a7c","version":0,"sysname":"HasLogin","name":"Наличие логина","description":"Наличие непустого поля \"login\" для учетной записи","value":"false","valueRegex":"true|false","categoryRefItemId":"73048df5-fe0f-494b-85f4-da56c457857b","categorySysname":"FUNDAMENTAL","categoryName":"Фундаментальная настройка","isProtected":true,"stamps":{"creationDate":"2021-01-19T08:38:03.655041Z","modificationDate":null,"creatorId":"28149699-b3a2-4365-a8f0-26239c99f1dd","modifierId":null,"creatorFio":"Администратор системы","modifierFio":null}},{"id":"85247dd7-6e8d-4485-8474-85caf446f88a","version":0,"sysname":"AuthProxyAllowed","name":"Разрешение доступа через шлюз аутентификации","description":"Разрешение доступа в систему по сессионному токену через шлюз аутентификации. Если true, доступ разрешён при прохождении идентификации и аутентификации по данным из сессионного токена. Если false, доступ запрещен безусловно.","value":"true","valueRegex":"true|false","categoryRefItemId":"73048df5-fe0f-494b-85f4-da56c457857b","categorySysname":"FUNDAMENTAL","categoryName":"Фундаментальная настройка","isProtected":true,"stamps":{"creationDate":"2021-01-19T08:38:03.655041Z","modificationDate":null,"creatorId":"28149699-b3a2-4365-a8f0-26239c99f1dd","modifierId":null,"creatorFio":"Администратор системы","modifierFio":null}},{"id":"757b1972-8539-4a25-9482-eada329a39b1","version":0,"sysname":"PrimaryAuthenticationAllowed","name":"Разрешение первичной аутентификации","description":"Возможность создания сессии через методы сервиса аутентификации. Если запрещено, то доступна только идентификация и аутентификация по сессионному токену, который создаётся под другой учётной записью.","value":"true","valueRegex":"true|false","categoryRefItemId":"73048df5-fe0f-494b-85f4-da56c457857b","categorySysname":"FUNDAMENTAL","categoryName":"Фундаментальная настройка","isProtected":true,"stamps":{"creationDate":"2021-01-19T08:38:03.655041Z","modificationDate":null,"creatorId":"28149699-b3a2-4365-a8f0-26239c99f1dd","modifierId":null,"creatorFio":"Администратор системы","modifierFio":null}},{"id":"d9a19f78-4795-4559-be1c-a300e9e8a9d1","version":0,"sysname":"ExternalAccessAllowed","name":"Доступность извне","description":"Возможность доступа через сервис аутентификации и шлюз аутентификации, работающие во внешнем режиме.","value":"true","valueRegex":"true|false","categoryRefItemId":"73048df5-fe0f-494b-85f4-da56c457857b","categorySysname":"FUNDAMENTAL","categoryName":"Фундаментальная настройка","isProtected":true,"stamps":{"creationDate":"2021-01-19T08:38:03.655041Z","modificationDate":null,"creatorId":"28149699-b3a2-4365-a8f0-26239c99f1dd","modifierId":null,"creatorFio":"Администратор системы","modifierFio":null}}],"stamps":{"creationDate":"2021-01-19T08:38:03.655041Z","modificationDate":null,"creatorId":"28149699-b3a2-4365-a8f0-26239c99f1dd","modifierId":null,"creatorFio":"Администратор системы","modifierFio":null}}