[{"id":"7a10a98d-315a-4548-91f4-d124bc0d24c9","version":0,"sysname":"pischikov","name":"a.pischikov@voskhod.ru","description":null,"isPreferred":false,"isMultisegment":false,"stamps":{"creationDate":"2021-01-21T12:22:21.608Z","modificationDate":null,"creatorId":"28149699-b3a2-4365-a8f0-26239c99f1dd","modifierId":null,"creatorFio":"Администратор системы","modifierFio":null}},{"id":"5bc12280-2b5d-4bcf-aa5f-3fcbebc1c80e","version":2,"sysname":"cockroach_sudrd","name":"a.pischikov@voskhod.ru1","description":null,"isPreferred":false,"isMultisegment":true,"stamps":{"creationDate":"2021-01-21T12:20:20.819Z","modificationDate":"2021-01-22T13:58:58.461Z","creatorId":"28149699-b3a2-4365-a8f0-26239c99f1dd","modifierId":"ba586b65-ece5-4b58-87d4-1a03366432ee","creatorFio":"Администратор системы","modifierFio":"Администратор системы"}},{"id":"9a82eb47-c163-44cd-90f0-ef9ccb1320af","version":0,"sysname":"qqq","name":"qqq","description":null,"isPreferred":false,"isMultisegment":false,"stamps":{"creationDate":"2021-01-25T08:47:51.027Z","modificationDate":null,"creatorId":"28149699-b3a2-4365-a8f0-26239c99f1dd","modifierId":null,"creatorFio":"Администратор системы","modifierFio":null}},{"id":"9c9229c7-8a3f-4dfc-9cd0-966d5af19acc","version":0,"sysname":"service_1111","name":"Service1111","description":"Description","isPreferred":false,"isMultisegment":false,"stamps":{"creationDate":"2021-01-20T08:14:31.346Z","modificationDate":null,"creatorId":"28149699-b3a2-4365-a8f0-26239c99f1dd","modifierId":null,"creatorFio":"Администратор системы","modifierFio":null}},{"id":"b4bb908d-b07a-4b45-a5d5-1a10c7a8d8cc","version":1,"sysname":"service_load_327029353120366850","name":"ServiceLoad1299531435","description":"Description2020405941й","isPreferred":false,"isMultisegment":false,"stamps":{"creationDate":"2021-01-20T09:04:11.577Z","modificationDate":"2021-01-25T10:37:30.201Z","creatorId":"28149699-b3a2-4365-a8f0-26239c99f1dd","modifierId":"2bd4a33b-6799-476c-ae30-489a37254581","creatorFio":"Администратор системы","modifierFio":"Администратор системы"}},{"id":"bb8557d6-21d4-4ba1-ba71-4cdbb9f54651","version":0,"sysname":"service_load_17402541901532655409","name":"ServiceLoad1694173574","description":"Description1597785747","isPreferred":false,"isMultisegment":false,"stamps":{"creationDate":"2021-01-20T10:00:21.424Z","modificationDate":null,"creatorId":"28149699-b3a2-4365-a8f0-26239c99f1dd","modifierId":null,"creatorFio":"Администратор системы","modifierFio":null}},{"id":"f5cb02d4-8cff-4ff4-8381-b1d2d153883a","version":0,"sysname":"service_load_1679542159910154820","name":"ServiceLoad1828121674","description":"Description1810303267","isPreferred":false,"isMultisegment":false,"stamps":{"creationDate":"2021-01-20T09:03:56.881Z","modificationDate":null,"creatorId":"28149699-b3a2-4365-a8f0-26239c99f1dd","modifierId":null,"creatorFio":"Администратор системы","modifierFio":null}},{"id":"b5913466-fc26-411f-82fe-15b5eaca6664","version":0,"sysname":"service_load_765537222435862931","name":"ServiceLoad1852091936","description":"Description1410428278","isPreferred":false,"isMultisegment":false,"stamps":{"creationDate":"2021-01-20T09:59:50.350Z","modificationDate":null,"creatorId":"28149699-b3a2-4365-a8f0-26239c99f1dd","modifierId":null,"creatorFio":"Администратор системы","modifierFio":null}},{"id":"364cc999-87a2-4063-aa45-b0197dbdcda3","version":0,"sysname":"service_load_559696530857151783","name":"ServiceLoad553301711","description":"Description299702183","isPreferred":false,"isMultisegment":false,"stamps":{"creationDate":"2021-01-20T10:00:05.735Z","modificationDate":null,"creatorId":"28149699-b3a2-4365-a8f0-26239c99f1dd","modifierId":null,"creatorFio":"Администратор системы","modifierFio":null}},{"id":"a7393495-09a0-43e2-8f07-d85cf907e595","version":0,"sysname":"service_load_664560705324348032","name":"ServiceLoad58816880","description":"Description2001476306","isPreferred":false,"isMultisegment":false,"stamps":{"creationDate":"2021-01-20T08:45:33.099Z","modificationDate":null,"creatorId":"28149699-b3a2-4365-a8f0-26239c99f1dd","modifierId":null,"creatorFio":"Администратор системы","modifierFio":null}}]