[{"id":"7914ef94-aded-43d6-b8aa-6f48e6cdc03e","version":0,"serviceId":"e5ac2de8-be64-4bbc-beeb-397ee792f229","serviceSysname":"service_1111","serviceName":"Service1111","serviceIsPreferred":false,"url":"/endpoint_load_1111","method":"GET","sysname":"endpoint_load_1111","summary":"full description","description":"small description","segmentId":"85229e69-3ad7-42c3-9255-38af49a05ace","segmentName":"SYSTEM","stamps":{"creationDate":"2021-01-20T09:19:30.256Z","modificationDate":null,"creatorId":"28149699-b3a2-4365-a8f0-26239c99f1dd","modifierId":null,"creatorFio":"Администратор системы","modifierFio":null}},{"id":"80cf9f0d-c613-4b2d-8aff-82752763844b","version":0,"serviceId":"af0a303d-7599-4c4c-885c-6e6cf4e7cdb5","serviceSysname":"service_1111","serviceName":"Service1111","serviceIsPreferred":false,"url":"/create","method":"PUT","sysname":"sysname00001111","summary":"qwerty","description":"qwerty","segmentId":"116620f0-8b44-4d14-adb4-2e2d5ff717bc","segmentName":"autotestheadsegment_7940","stamps":{"creationDate":"2021-01-26T08:40:39.009Z","modificationDate":null,"creatorId":"28149699-b3a2-4365-a8f0-26239c99f1dd","modifierId":null,"creatorFio":"Администратор системы","modifierFio":null}},{"id":"e907aad8-c5f6-4623-a922-c7bbb32d57bf","version":0,"serviceId":"c0ac9602-bc9a-4550-991d-5fdb27813038","serviceSysname":"service_1111","serviceName":"Service1111","serviceIsPreferred":false,"url":"/create","method":"PUT","sysname":"sysname00001111","summary":"qwerty","description":"qwerty","segmentId":"5010c0fd-f754-489c-8226-9de1d83e949a","segmentName":"autotestsegment_7527","stamps":{"creationDate":"2021-01-26T08:49:10.953Z","modificationDate":null,"creatorId":"28149699-b3a2-4365-a8f0-26239c99f1dd","modifierId":null,"creatorFio":"Администратор системы","modifierFio":null}}]