[{"id":"01aa347b-78da-4a29-a7ea-6c6240b424bd","version":0,"segmentId":"85229e69-3ad7-42c3-9255-38af49a05ace","segmentSysname":"SYSTEM","segmentName":"SYSTEM","sysname":"nonprivsysadmin","name":"nonprivsysadmin","description":null,"crossSegmentMembershipAllowed":false,"hasUserAccounts":true,"hasRoles":true,"securityGroupAttributes":[],"stamps":{"creationDate":"2021-01-26T07:35:25.487Z","modificationDate":null,"creatorId":"28149699-b3a2-4365-a8f0-26239c99f1dd","modifierId":null,"creatorFio":"Администратор системы","modifierFio":null}},{"id":"0faff6f1-74a3-4ebe-bcc8-14228554af98","version":0,"segmentId":"ea0ac5ae-d5ce-4574-b104-84f0bd6f0ec2","segmentSysname":"segment_89bbbb7c-c13b-43ce-af1d-244493faaca1","segmentName":"Сегмент 41187919-90d1-4a7f-86b1-3db8a7ee6514","sysname":"sysnameda5d8e7b-89b0-464b-bbbc-2c36ea937975","name":"namec2c34eb2-f669-49e4-ad1d-152562fd43cf","description":"Текстовое описание 1234","crossSegmentMembershipAllowed":false,"hasUserAccounts":false,"hasRoles":false,"securityGroupAttributes":[{"key":"OGRN","name":null,"value":"123"},{"key":"INN","name":null,"value":"1234567"}],"stamps":{"creationDate":"2021-02-01T13:32:05.051Z","modificationDate":null,"creatorId":"28149699-b3a2-4365-a8f0-26239c99f1dd","modifierId":null,"creatorFio":"Администратор системы","modifierFio":null}},{"id":"0fbe1271-02dd-4597-83e9-1529d02c3dbb","version":0,"segmentId":"2ea92df3-d0b2-4b32-a98b-cd46b3d4ea9d","segmentSysname":"segment_a6b97825-fd11-4934-aad0-be78b035a78d","segmentName":"Сегмент 60b1dd21-a421-47a5-bf5a-d0f2a8f7418d","sysname":"sysname624af5b1-3272-4b50-b7e4-d2dcce577ad4","name":"namec5802cf7-b2a9-41d2-9fe7-65bd51a65d29","description":"Текстовое описание 1234","crossSegmentMembershipAllowed":false,"hasUserAccounts":false,"hasRoles":false,"securityGroupAttributes":[{"key":"OGRN","name":null,"value":"123"},{"key":"INN","name":null,"value":"1234567"}],"stamps":{"creationDate":"2021-01-29T14:01:37.238Z","modificationDate":null,"creatorId":"28149699-b3a2-4365-a8f0-26239c99f1dd","modifierId":null,"creatorFio":"Администратор системы","modifierFio":null}},{"id":"10532f11-55bf-4529-8914-73a169887c0b","version":9,"segmentId":"85229e69-3ad7-42c3-9255-38af49a05ace","segmentSysname":"SYSTEM","segmentName":"SYSTEM","sysname":"Test002","name":"Test002","description":null,"crossSegmentMembershipAllowed":false,"hasUserAccounts":false,"hasRoles":false,"securityGroupAttributes":[{"key":"test777","name":"test777","value":"111"},{"key":"test_attr111","name":null,"value":"111"}],"stamps":{"creationDate":"2021-02-03T09:24:05.931Z","modificationDate":"2021-02-03T11:16:23.309Z","creatorId":"2bd4a33b-6799-476c-ae30-489a37254581","modifierId":"2bd4a33b-6799-476c-ae30-489a37254581","creatorFio":"Администратор системы","modifierFio":"Администратор системы"}},{"id":"11ad7dc4-4318-4c29-a11a-cae84d62f2a2","version":0,"segmentId":"85229e69-3ad7-42c3-9255-38af49a05ace","segmentSysname":"SYSTEM","segmentName":"SYSTEM","sysname":"cryptoServiceUser","name":"Пользователь крипто-сервиса","description":"Пользователь крипто-сервиса","crossSegmentMembershipAllowed":false,"hasUserAccounts":false,"hasRoles":true,"securityGroupAttributes":[],"stamps":{"creationDate":"2021-01-19T08:38:11.567Z","modificationDate":null,"creatorId":"28149699-b3a2-4365-a8f0-26239c99f1dd","modifierId":null,"creatorFio":"Администратор системы","modifierFio":null}},{"id":"12b591c2-8e84-4dd4-a908-c4bf6fd78c37","version":1,"segmentId":"85229e69-3ad7-42c3-9255-38af49a05ace","segmentSysname":"SYSTEM","segmentName":"SYSTEM","sysname":"qwerty","name":"qwerty","description":null,"crossSegmentMembershipAllowed":true,"hasUserAccounts":true,"hasRoles":true,"securityGroupAttributes":[],"stamps":{"creationDate":"2021-01-25T13:59:23.375Z","modificationDate":"2021-02-01T10:43:43.748Z","creatorId":"28149699-b3a2-4365-a8f0-26239c99f1dd","modifierId":"28149699-b3a2-4365-a8f0-26239c99f1dd","creatorFio":"Администратор системы","modifierFio":"Администратор системы"}},{"id":"18a6b145-9df0-4c3a-a891-ab6ca77aecd4","version":0,"segmentId":"85229e69-3ad7-42c3-9255-38af49a05ace","segmentSysname":"SYSTEM","segmentName":"SYSTEM","sysname":"group1","name":"Группа","description":"","crossSegmentMembershipAllowed":true,"hasUserAccounts":true,"hasRoles":false,"securityGroupAttributes":[],"stamps":{"creationDate":"2021-01-26T16:09:42.137Z","modificationDate":null,"creatorId":"28149699-b3a2-4365-a8f0-26239c99f1dd","modifierId":null,"creatorFio":"Администратор системы","modifierFio":null}},{"id":"1d052b05-971c-4a40-9f44-65268ff8ada6","version":7,"segmentId":"1fad07ae-b6f0-4732-9579-a187e55cb59b","segmentSysname":"segment_sysname_6445","segmentName":"Имя сегмента: 6445","sysname":"apiTest_groupSysName_297","name":"apiTest_groupName_297","description":"description297","crossSegmentMembershipAllowed":false,"hasUserAccounts":true,"hasRoles":true,"securityGroupAttributes":[],"stamps":{"creationDate":"2021-02-01T12:11:46.576Z","modificationDate":"2021-02-03T10:30:25.939Z","creatorId":"28149699-b3a2-4365-a8f0-26239c99f1dd","modifierId":"2bd4a33b-6799-476c-ae30-489a37254581","creatorFio":"Администратор системы","modifierFio":"Администратор системы"}},{"id":"2371c92a-82e8-499c-a50b-4bda10083be3","version":1,"segmentId":"85229e69-3ad7-42c3-9255-38af49a05ace","segmentSysname":"SYSTEM","segmentName":"SYSTEM","sysname":"dopsysadmin","name":"Непривилегированный администратор системы","description":"ГБ для администраторов с непривилегированной ролью","crossSegmentMembershipAllowed":true,"hasUserAccounts":true,"hasRoles":true,"securityGroupAttributes":[],"stamps":{"creationDate":"2021-01-29T07:56:27.842Z","modificationDate":"2021-01-29T11:15:11.408Z","creatorId":"28149699-b3a2-4365-a8f0-26239c99f1dd","modifierId":"28149699-b3a2-4365-a8f0-26239c99f1dd","creatorFio":"Администратор системы","modifierFio":"Администратор системы"}},{"id":"271e6227-eac4-4a47-a28a-4a954391f4ae","version":0,"segmentId":"85229e69-3ad7-42c3-9255-38af49a05ace","segmentSysname":"SYSTEM","segmentName":"SYSTEM","sysname":"EVERYONE","name":"ВСЕ","description":"Специальная группа, неявно содержащая все учетные записи","crossSegmentMembershipAllowed":false,"hasUserAccounts":false,"hasRoles":true,"securityGroupAttributes":[],"stamps":{"creationDate":"2021-01-19T08:38:02.555695Z","modificationDate":null,"creatorId":"28149699-b3a2-4365-a8f0-26239c99f1dd","modifierId":null,"creatorFio":"Администратор системы","modifierFio":null}}]