[{"id":"2aa63c98-944f-4bda-90f7-768c19cde829","version":1,"key":"PremiumPromotion970471","name":"AwesomeDiscount266457","description":"Chuck Norris can unit test an entire application with a single assert.","showInCard":true,"mandatory":false,"showInTable":false,"cardOrder":350,"tableOrder":785,"valueRegex":"Chuck Norris can't test for equality because he has no equal.","stamps":{"creationDate":"2021-01-26T22:59:30.308Z","modificationDate":"2021-01-27T11:31:20.545Z","creatorId":"28149699-b3a2-4365-a8f0-26239c99f1dd","modifierId":"2bd4a33b-6799-476c-ae30-489a37254581","creatorFio":"Администратор системы","modifierFio":"Администратор системы"}},{"id":"2e6053dd-b68e-4eac-adc5-dd0e9ed1776d","version":5,"key":"test777","name":"test777","description":null,"showInCard":true,"mandatory":true,"showInTable":false,"cardOrder":null,"tableOrder":null,"valueRegex":"\\d{3}","stamps":{"creationDate":"2021-02-03T09:29:32.337Z","modificationDate":"2021-02-03T10:58:46.902Z","creatorId":"2bd4a33b-6799-476c-ae30-489a37254581","modifierId":"2bd4a33b-6799-476c-ae30-489a37254581","creatorFio":"Администратор системы","modifierFio":"Администратор системы"}},{"id":"57ca6ec6-23bb-4dba-95af-a527c3c1a442","version":7,"key":"bool_man","name":"bool_man","description":null,"showInCard":true,"mandatory":false,"showInTable":false,"cardOrder":null,"tableOrder":null,"valueRegex":"true|false","stamps":{"creationDate":"2021-01-26T10:51:12.005Z","modificationDate":"2021-02-03T10:11:38.196Z","creatorId":"28149699-b3a2-4365-a8f0-26239c99f1dd","modifierId":"2bd4a33b-6799-476c-ae30-489a37254581","creatorFio":"Администратор системы","modifierFio":"Администратор системы"}}]