{"id":"f22ff499-49c7-4d3c-b1bd-1268b91c4fce","version":0,"snils":"001-001-001 00","status":"ACTIVE","statusChangeReason":null,"nameFirst":"Пау","nameLast":"Пиу","nameMiddle":null,"inn":null,"docSer":null,"docNum":null,"docIssueDate":null,"docIssuePlace":null,"gender":null,"birthDate":null,"birthPlace":null,"citizenship":null,"email":null,"phoneNumber":"","hasUserAccounts":false,"otherInfo":null,"userProfileAttributes":[],"stamps":{"creationDate":"2021-01-26T14:45:43.258Z","modificationDate":null,"creatorId":"28149699-b3a2-4365-a8f0-26239c99f1dd","modifierId":null,"creatorFio":"Администратор системы","modifierFio":null}}