[{"id":"fee64a11-53f3-4c9c-995c-e0ebf6ed8f56","sysname":"ACTIVE","name":"Активна","description":"Учетная запись активна"},{"id":"a008e978-8eb0-44bb-b7cc-b9f2e42d604f","sysname":"BLOCKED","name":"Заблокирована","description":"Учетная запись заблокирована"},{"id":"9729d0a5-0a08-4845-a43c-daa7c1203a98","sysname":"REGISTERED","name":"Зарегистрирована","description":"Учетная запись зарегистрирована. Для работы требуется перевод в систояние \"Активна\""},{"id":"9e6450f8-b255-4564-8cf0-75c657626a29","sysname":"PASSWORD_RESET_REQUIRED","name":"Требуется смена пароля","description":"Требуется смена пароля"},{"id":"61b36da4-4953-4311-98fd-89e170577a22","sysname":"DELETED","name":"Удалена","description":"Учетная запись удалена"}]