[{"id":"0ade6ad1-b252-409f-a7b2-99db0272939f","version":2,"key":"Attribute10","name":"Атрибут10","description":null,"showInCard":true,"mandatory":false,"showInTable":false,"cardOrder":null,"tableOrder":null,"valueRegex":null,"stamps":{"creationDate":"2021-01-25T10:05:46.591Z","modificationDate":"2021-01-27T13:41:53.352Z","creatorId":"28149699-b3a2-4365-a8f0-26239c99f1dd","modifierId":"2bd4a33b-6799-476c-ae30-489a37254581","creatorFio":"Администратор системы","modifierFio":"Администратор системы"}},{"id":"872e949e-091b-46e2-acb3-e0bd130c3b57","version":3,"key":"test","name":"тестовый","description":null,"showInCard":true,"mandatory":false,"showInTable":false,"cardOrder":null,"tableOrder":null,"valueRegex":null,"stamps":{"creationDate":"2021-01-22T12:35:38.895Z","modificationDate":"2021-01-26T08:34:50.298Z","creatorId":"28149699-b3a2-4365-a8f0-26239c99f1dd","modifierId":"ba586b65-ece5-4b58-87d4-1a03366432ee","creatorFio":"Администратор системы","modifierFio":"Администратор системы"}},{"id":"e80e5ea5-6208-4889-8f3e-7f43fd863433","version":1,"key":"ashow_1_1","name":"ashow_1_1","description":null,"showInCard":true,"mandatory":false,"showInTable":false,"cardOrder":1,"tableOrder":null,"valueRegex":null,"stamps":{"creationDate":"2021-01-25T13:43:57.917Z","modificationDate":"2021-01-26T08:32:56.636Z","creatorId":"2bd4a33b-6799-476c-ae30-489a37254581","modifierId":"ba586b65-ece5-4b58-87d4-1a03366432ee","creatorFio":"Администратор системы","modifierFio":"Администратор системы"}}]