{"id":"fa8594db-2772-48e7-8990-a3fdea50c3d4","version":1,"sysname":"PasswordStrength","name":"Сложность пароля","description":"Json-объект с настройками парольной политики: classes - множество символьных классов, формирующих алфавит пароля; classes.name - название класса; classes.symbols - множество допустимых символов класса; classes.obligatory - признак обязательности наличия в пароле хотя бы одного символа из данного класса; minLength - минимальная длина пароля.","value":"{\"classes\": [{ \"name\": \"латиница (нижний регистр)\",\"symbols\": \"abcdefghijklmnopqrstvuwxyz\",\"obligatory\": false}, {\"name\": \"латиница (верхний регистр)\",\"symbols\": \"ABCDEFGHIJKLMNOPQRSTVUWXYZ\",\"obligatory\": false}, {\"name\": \"кириллица (верхний регистр)\", \"symbols\": \"АБВГДЕЁЖЗИЙКЛМНОПРСТУФХЦЧШЩЬЫЪЭЮЯ\",\"obligatory\": false}, {\"name\": \"кириллица (нижний регистр)\",\"symbols\": \"абвгдеёжзийклмнопрстуфхцчшщьыъэюя\",\"obligatory\": false}, {\"name\": \"цифры\",\"symbols\": \"0123456789\",\"obligatory\": false}, {\"name\": \"специальные знаки\",\"symbols\": \"~!@#$%^&*()_+`-=\",\"obligatory\": false}],\"minLength\": 6}","valueRegex":null,"categoryRefItemId":"b603fb2c-e890-4d19-bc58-b5ce8840ab8f","categorySysname":"SECURITY_POLICY","categoryName":"Настройка политики безопасности","isProtected":false,"stamps":{"creationDate":"2021-01-19T08:38:03.655041Z","modificationDate":"2021-01-29T07:14:45.936Z","creatorId":"28149699-b3a2-4365-a8f0-26239c99f1dd","modifierId":"28149699-b3a2-4365-a8f0-26239c99f1dd","creatorFio":"Администратор системы","modifierFio":"Администратор системы"}}