{"id":"9170709c-0f56-4e5e-bf12-62c982a4d789","version":0,"login":null,"segmentId":"85229e69-3ad7-42c3-9255-38af49a05ace","segmentSysname":"SYSTEM","segmentName":"SYSTEM","isSystemSegment":true,"isPreferred":false,"accountType":"COMMON","accountTypeId":"4af111db-0e0c-47b6-a87a-d19e2cf83f1b","accountTypeName":"Внешний пользователь","status":"ACTIVE","statusName":"Активна","statusChangeReason":null,"statusExpirationDate":null,"statusAfterExpiration":null,"userProfileId":"f22ff499-49c7-4d3c-b1bd-1268b91c4fce","lastUseDate":"2021-02-03T10:58:31.727Z","statusUpdateDate":"2021-02-03T10:58:31.727Z","passwordUpdateDate":"2021-02-03T10:58:31.741Z","passwordExpirationDate":null,"passwordExpirationNotificationDate":null,"userAccountAttributes":[],"stamps":{"creationDate":"2021-02-03T10:58:31.727Z","modificationDate":null,"creatorId":"28149699-b3a2-4365-a8f0-26239c99f1dd","modifierId":null,"creatorFio":"Администратор системы","modifierFio":null}}