{"userAccount":{"id":"ee636d8f-1466-4bda-a02a-cb54774308f7","version":2,"login":"loaduser123","segmentId":"85229e69-3ad7-42c3-9255-38af49a05ace","segmentSysname":"SYSTEM","segmentName":"SYSTEM","isSystemSegment":true,"isPreferred":false,"accountType":"INTERNAL","accountTypeName":"Внутренний пользователь","status":"ACTIVE","statusName":"Активна","statusChangeReason":null,"statusExpirationDate":null,"statusAfterExpiration":null,"userProfileId":"ab197cb8-467f-4269-be51-8704897fb808","extSystemName":null,"lastUseDate":"2021-01-21T13:55:55.783198Z","statusUpdateDate":"2021-01-21T13:51:23.900Z","passwordUpdateDate":"2021-01-21T13:51:23.906Z","passwordExpirationDate":"2021-04-21T13:51:23.906Z","passwordExpirationNotificationDate":"2021-04-11T13:51:23.906Z","userAccountAttributes":[],"stamps":{"creationDate":"2021-01-21T13:51:23.900Z","modificationDate":null,"creatorId":"28149699-b3a2-4365-a8f0-26239c99f1dd","modifierId":null,"creatorFio":"Администратор системы","modifierFio":null}},"userProfile":{"id":"ab197cb8-467f-4269-be51-8704897fb808","version":0,"snils":"000-000-000 00","status":"ACTIVE","statusChangeReason":null,"nameFirst":"Администратор системы","nameLast":null,"nameMiddle":null,"inn":null,"docSer":null,"docNum":null,"docIssueDate":null,"docIssuePlace":null,"gender":null,"birthDate":null,"birthPlace":null,"citizenship":null,"email":"Администратор системы","phoneNumber":null,"hasUserAccounts":true,"otherInfo":null,"userProfileAttributes":[],"stamps":{"creationDate":"2019-10-09T21:00:00Z","modificationDate":null,"creatorId":"28149699-b3a2-4365-a8f0-26239c99f1dd","modifierId":null,"creatorFio":"Администратор системы","modifierFio":null}},"groups":[],"roles":[],"endpoints":[],"businessOperations":[],"effectiveEndpoints":[],"userSessions":[{"id":"67762e65-d362-4020-9190-b8741b5d5c0b","creationDate":"2021-01-21T13:55:54.993Z","lastUseDate":"2021-01-21T13:55:55.797446Z","otherInfo":null}]}