{
	"userManagerApiUrl": "%location.origin%/internal/api/current-user-manager/api",
	"authApiUrl": "%location.origin%/internal/auth/authenticator/api",
	"authUrl": "internal/authutil/auth/login",
	"logoutUrl": "internal/authutil/auth/logout",
    "links":[
		{
			"title": "МЗИ на тест-стенде ПЦТ",
			"description": "Администрирование модуля защиты прикладного ПО",
			"url": "%location.origin%/internal/platform-admin-ui"
		},
		{
			"title": "ИИЭДП",
			"description": "Импорт/экспорт данных пользователей",
			"url": "%location.origin%/internal/csv-importer"
		}]
}

