{
  "authUrl": "/internal/authutil/auth/login",
  "logoutUrl": "/internal/authutil/auth/logout",
  "accessManagerBasePath": "%location.origin%/internal/api/access-manager/api",
  "authenticatorBasePath": "%location.origin%/internal/auth/authenticator/api",
  "segmentRegistryBasePath": "%location.origin%/internal/api/segment-registry/api",
  "sessionManagerBasePath": "%location.origin%/internal/api/session-manager/api",
  "currentUserManagerBasePath": "%location.origin%/internal/api/current-user-manager/api",
  "checkSessionPath": "%location.origin%/internal/api/__check_session",
  "sessionTimeout": 60000,
  "clearCacheAtStartup": true,
  "showExtendedErrorDescription": true,
  "showLog": false,
  "theme": "",
  "customizationOptions": {
    "logo": "assets/images/logo-white.svg",
    "logoAlt": "Главная страница",
    "logoRedirect": "/",
    "title": "Администрирование",
    "menu": [
      {
        "label": "Смена пароля",
        "href": "/internal/authutil/auth/changeSelfPassword",
        "selected": false
      }
    ],
    "footer": {
      "label": "ФГБУ НИИ Восход",
      "showVersion": true
    }
  }
}
