{
  "authUrl": "%location.origin%/internal/authutil/auth/login",
  "logoutUrl": "%location.origin%/internal/authutil/auth/logout", 
  "currentUserManagerBasePath": "%location.origin%/internal/api/current-user-manager/api",
  "accessManagerBasePath": "%location.origin%/internal/api/access-manager/api",
  "authenticatorBasePath": "%location.origin%/internal/auth/authenticator/api",
  "authRedirect": "%location.origin%/",
  "title": "Администрирование",
  "showVersion": true,
  "showLog": false,
  "logo": "assets/svg/logo-white.svg",
  "logoAlt": "Главная страница",
  "logoRedirect": "/",
  "theme": ""
}
