{
  "FilterHeaders": [
    {
      "Header": "user-agent",
      "IncludeInScript": false
    },
    {
      "Header": "upgrade-insecure-requests",
      "IncludeInScript": true
    },
    {
      "Header": "sec-fetch-site",
      "IncludeInScript": true
    },
    {
      "Header": "sec-fetch-mode",
      "IncludeInScript": true
    },
    {
      "Header": "sec-fetch-dest",
      "IncludeInScript": true
    },
    {
      "Header": "origin",
      "IncludeInScript": true
    },
    {
      "Header": "dnt",
      "IncludeInScript": true
    },
    {
      "Header": "authorization",
      "IncludeInScript": true
    },
    {
      "Header": "accept-language",
      "IncludeInScript": false
    },
    {
      "Header": "accept-encoding",
      "IncludeInScript": false
    },
    {
      "Header": "accept",
      "IncludeInScript": false
    }
  ],
  "FilterResources": [
    {
      "IsNonResource": true,
      "type": "text/html"
    },
    {
      "IsNonResource": false,
      "type": "text/css"
    },
    {
      "IsNonResource": false,
      "type": "image/svg+xml"
    },
    {
      "IsNonResource": false,
      "type": "image/gif"
    },
    {
      "IsNonResource": false,
      "type": "font/woff2"
    },
    {
      "IsNonResource": true,
      "type": "application/json"
    },
    {
      "IsNonResource": false,
      "type": "application/javascript"
    }
  ],
  "GeneralInfo": {
    "BrowserVersion": "",
    "MaxUsedConnections": 6,
    "RecordedBrowser": "Chrome",
    "RecordingDate": "янв-21-2021",
    "RecordingDuration": 60875,
    "RecordingTimeStamp": 1611237314,
    "TotalBytesReceived": 15938446,
    "TotalBytesSent": 24563,
    "TotalRequests": 52
  },
  "HostInfo": [
    {
      "DomainName": "yandex.ru",
      "Domains": [
        {
          "HTTPVersion": "HTTP/1.1",
          "IP": "77.88.55.66",
          "IncludeInScript": false,
          "Name": "yandex.ru",
          "Port": 443,
          "Requests": [
            {
              "CompressionType": "",
              "DataType": "image/gif",
              "DownloadTime": 15,
              "EventId": 2391,
              "HttpStatus": 200,
              "Size": 43,
              "URL": "https://yandex.ru/clck/click/dtype=elduse/path=tech.yaelements.dayuse/vars=-dayuse=437,-bro=chrome,-productname=weatherchrome,-ver=8-22-3,-ui=%7B09DD5623-D941-75FB-FF65-BEE4E3B516BA%7D,-brandID=yandex,-clid1=2231762/slots=0,0,0/*"
            }
          ],
          "SSLCipher": "ECDHE-RSA-AES128-SHA",
          "SSLVersion": "TLS1.1"
        }
      ],
      "IncludeInScript": true
    },
    {
      "DomainName": "radio.yandex.ru",
      "Domains": [
        {
          "HTTPVersion": "HTTP/1.1",
          "IP": "77.88.21.186",
          "IncludeInScript": false,
          "Name": "radio.yandex.ru",
          "Port": 443,
          "Requests": [
            {
              "CompressionType": "gzip",
              "DataType": "application/json",
              "DownloadTime": 594,
              "EventId": 2295,
              "HttpStatus": 200,
              "Size": 161248,
              "URL": "https://radio.yandex.ru/handlers/library.jsx"
            }
          ],
          "SSLCipher": "ECDHE-RSA-AES128-SHA",
          "SSLVersion": "TLS1.1"
        }
      ],
      "IncludeInScript": true
    },
    {
      "DomainName": "push.yandex.ru",
      "Domains": [
        {
          "HTTPVersion": "HTTP/1.1",
          "IP": "213.180.204.179",
          "IncludeInScript": false,
          "Name": "push.yandex.ru",
          "Port": 443,
          "Requests": [
            {
              "CompressionType": "",
              "DataType": "",
              "DownloadTime": 16,
              "EventId": 2425,
              "HttpStatus": 101,
              "Size": 0,
              "URL": "https://push.yandex.ru/v1/subscribe/?oauth_token=AgAEA7qiotzKAAKal3ans4XALEgHnlFfkRNWwwA&client=bar&uid=1130000034225354&service=mail&session=09DD5623-D941-75FB-FF65-BEE4E3B516BA"
            },
            {
              "CompressionType": "",
              "DataType": "",
              "DownloadTime": 15,
              "EventId": 2396,
              "HttpStatus": 101,
              "Size": 0,
              "URL": "https://push.yandex.ru/v1/subscribe/?oauth_token=AgAAAAACylQlAAKal0u8Yl7YVEGSlxjG0tIxr-k&client=bar&uid=46814245&service=mail&session=09DD5623-D941-75FB-FF65-BEE4E3B516BA"
            }
          ],
          "SSLCipher": "ECDHE-RSA-AES128-SHA",
          "SSLVersion": "TLS1.1"
        }
      ],
      "IncludeInScript": true
    },
    {
      "DomainName": "pass.yandex.ru",
      "Domains": [
        {
          "HTTPVersion": "HTTP/1.1",
          "IP": "213.180.204.51",
          "IncludeInScript": false,
          "Name": "pass.yandex.ru",
          "Port": 443,
          "Requests": [
            {
              "CompressionType": "gzip",
              "DataType": "text/javascript",
              "DownloadTime": 15,
              "EventId": 2351,
              "HttpStatus": 200,
              "Size": 292,
              "URL": "https://pass.yandex.ru/accounts?yu=8320292071573805450"
            }
          ],
          "SSLCipher": "ECDHE-RSA-AES128-SHA",
          "SSLVersion": "TLS1.1"
        }
      ],
      "IncludeInScript": true
    },
    {
      "DomainName": "mxpnl.com",
      "Domains": [
        {
          "HTTPVersion": "HTTP/1.1",
          "IP": "130.211.5.208",
          "IncludeInScript": false,
          "Name": "cdn.mxpnl.com",
          "Port": 443,
          "Requests": [
            {
              "CompressionType": "",
              "DataType": "",
              "DownloadTime": 31,
              "EventId": 2113,
              "HttpStatus": 304,
              "Size": 0,
              "URL": "https://cdn.mxpnl.com/libs/mixpanel-2.2.min.js"
            }
          ],
          "SSLCipher": "ECDHE-RSA-AES128-SHA",
          "SSLVersion": "TLS1.1"
        }
      ],
      "IncludeInScript": true
    },
    {
      "DomainName": "music.yandex.ru",
      "Domains": [
        {
          "HTTPVersion": "HTTP/1.1",
          "IP": "213.180.204.186",
          "IncludeInScript": false,
          "Name": "music.yandex.ru",
          "Port": 443,
          "Requests": [
            {
              "CompressionType": "",
              "DataType": "application/javascript",
              "DownloadTime": 78,
              "EventId": 2196,
              "HttpStatus": 200,
              "Size": 0,
              "URL": "https://music.yandex.ru/api/v1.6/index.js"
            }
          ],
          "SSLCipher": "ECDHE-RSA-AES128-SHA",
          "SSLVersion": "TLS1.1"
        }
      ],
      "IncludeInScript": true
    },
    {
      "DomainName": "mixpanel.com",
      "Domains": [
        {
          "HTTPVersion": "HTTP/1.1",
          "IP": "107.178.240.159",
          "IncludeInScript": false,
          "Name": "api.mixpanel.com",
          "Port": 443,
          "Requests": [
            {
              "CompressionType": "",
              "DataType": "application/json",
              "DownloadTime": 62,
              "EventId": 2366,
              "HttpStatus": 200,
              "Size": 1247,
              "URL": "https://api.mixpanel.com/decide/?verbose=1&version=1&lib=web&token=94b5c311692e7c9d03cef9c9a7a32eaf&ip=1&_=1611562113570"
            }
          ],
          "SSLCipher": "ECDHE-RSA-AES128-SHA",
          "SSLVersion": "TLS1.1"
        }
      ],
      "IncludeInScript": true
    },
    {
      "DomainName": "mc.yandex.ru",
      "Domains": [
        {
          "HTTPVersion": "HTTP/1.1",
          "IP": "87.250.250.119",
          "IncludeInScript": false,
          "Name": "mc.yandex.ru",
          "Port": 443,
          "Requests": [
            {
              "CompressionType": "",
              "DataType": "image/gif",
              "DownloadTime": 16,
              "EventId": 2449,
              "HttpStatus": 200,
              "Size": 43,
              "URL": "https://mc.yandex.ru/watch/39274200?page-url=chrome-extension%3A%2F%2Fbagkmcapnndnncpcocmfplbdejejlgig%2F_generated_background_page.html&browser-info=s%3A1920x1080x24%3Ask%3A1%3Aadb%3A2%3Afpr%3A67501995301%3Acn%3A1%3Aw%3A0x0%3Az%3A180%3Ai%3A20210125110839%3Aet%3A1611562120%3Aen%3Autf-8%3Av%3A784%3Ac%3A1%3Ala%3Aru-ru%3Antf%3A2%3Aar%3A1%3Anb%3A1%3Als%3A1365511481033%3Arqn%3A149%3Arn%3A56020276%3Ahid%3A724844599%3Ads%3A0%2C0%2C0%2C134%2C2%2C0%2C%2C1366%2C0%2C13184%2C13185%2C0%2C3348%3Arqnl%3A1%3Ast%3A1611562120%3Au%3A1573805459609135374"
            },
            {
              "CompressionType": "",
              "DataType": "image/gif",
              "DownloadTime": 0,
              "EventId": 2446,
              "HttpStatus": 200,
              "Size": 43,
              "URL": "https://mc.yandex.ru/watch/39273630?page-url=chrome-extension%3A%2F%2Flonndeeklpobbkjaacljjjkddafbbbfa%2F_generated_background_page.html&browser-info=s%3A1920x1080x24%3Ask%3A1%3Aadb%3A2%3Afpr%3A67501995301%3Acn%3A1%3Aw%3A0x0%3Az%3A180%3Ai%3A20210125110839%3Aet%3A1611562120%3Aen%3Autf-8%3Av%3A784%3Ac%3A1%3Ala%3Aru-ru%3Antf%3A2%3Aar%3A1%3Anb%3A1%3Als%3A1120417117906%3Arqn%3A760%3Arn%3A482688837%3Ahid%3A183622095%3Ads%3A0%2C0%2C0%2C59%2C4%2C0%2C%2C1219%2C0%2C12781%2C12781%2C0%2C3103%3Arqnl%3A1%3Ast%3A1611562120%3Au%3A1573805463569725779"
            },
            {
              "CompressionType": "",
              "DataType": "image/gif",
              "DownloadTime": 0,
              "EventId": 2443,
              "HttpStatus": 200,
              "Size": 43,
              "URL": "https://mc.yandex.ru/watch/39274295?page-url=chrome-extension%3A%2F%2Fomehaopbmkbpcpbgldgooblpgehpldfl%2F_generated_background_page.html&browser-info=s%3A1920x1080x24%3Ask%3A1%3Aadb%3A2%3Afpr%3A67501995301%3Acn%3A1%3Aw%3A0x0%3Az%3A180%3Ai%3A20210125110839%3Aet%3A1611562119%3Aen%3Autf-8%3Av%3A784%3Ac%3A1%3Ala%3Aru-ru%3Antf%3A2%3Aar%3A1%3Anb%3A1%3Als%3A975569944064%3Arqn%3A263%3Arn%3A352730683%3Ahid%3A166717125%3Ads%3A0%2C0%2C0%2C37%2C5%2C0%2C%2C1229%2C0%2C12627%2C12627%2C0%2C2951%3Arqnl%3A1%3Ast%3A1611562119%3Au%3A1573805457231030032"
            },
            {
              "CompressionType": "",
              "DataType": "image/gif",
              "DownloadTime": 16,
              "EventId": 2241,
              "HttpStatus": 200,
              "Size": 43,
              "URL": "https://mc.yandex.ru/metrika/advert.gif"
            },
            {
              "CompressionType": "",
              "DataType": "image/gif",
              "DownloadTime": 0,
              "EventId": 2205,
              "HttpStatus": 200,
              "Size": 43,
              "URL": "https://mc.yandex.ru/metrika/advert.gif"
            },
            {
              "CompressionType": "",
              "DataType": "image/gif",
              "DownloadTime": 15,
              "EventId": 2174,
              "HttpStatus": 200,
              "Size": 43,
              "URL": "https://mc.yandex.ru/metrika/advert.gif"
            }
          ],
          "SSLCipher": "ECDHE-RSA-AES128-SHA",
          "SSLVersion": "TLS1.1"
        }
      ],
      "IncludeInScript": false
    },
    {
      "DomainName": "mail.yandex.ru",
      "Domains": [
        {
          "HTTPVersion": "HTTP/1.1",
          "IP": "77.88.21.37",
          "IncludeInScript": false,
          "Name": "mail.yandex.ru",
          "Port": 443,
          "Requests": [
            {
              "CompressionType": "gzip",
              "DataType": "application/json",
              "DownloadTime": 46,
              "EventId": 2423,
              "HttpStatus": 200,
              "Size": 102,
              "URL": "https://mail.yandex.ru/api/v2/bar/counters?silent&multi"
            },
            {
              "CompressionType": "",
              "DataType": "text/xml",
              "DownloadTime": 46,
              "EventId": 2421,
              "HttpStatus": 200,
              "Size": 2288,
              "URL": "https://mail.yandex.ru/api/account_information"
            },
            {
              "CompressionType": "",
              "DataType": "text/xml",
              "DownloadTime": 31,
              "EventId": 2417,
              "HttpStatus": 200,
              "Size": 3087,
              "URL": "https://mail.yandex.ru/api/settings_setup"
            }
          ],
          "SSLCipher": "ECDHE-RSA-AES128-SHA",
          "SSLVersion": "TLS1.1"
        }
      ],
      "IncludeInScript": true
    },
    {
      "DomainName": "gstatic.com",
      "Domains": [
        {
          "HTTPVersion": "HTTP/1.1",
          "IP": "173.194.222.94",
          "IncludeInScript": false,
          "Name": "ssl.gstatic.com",
          "Port": 443,
          "Requests": [
            {
              "CompressionType": "",
              "DataType": "application/octet-stream",
              "DownloadTime": 31,
              "EventId": 2172,
              "HttpStatus": 200,
              "Size": 82054,
              "URL": "https://ssl.gstatic.com/safebrowsing/csd/client_model_v5_variation_6.pb"
            }
          ],
          "SSLCipher": "ECDHE-RSA-AES128-SHA",
          "SSLVersion": "TLS1.1"
        }
      ],
      "IncludeInScript": true
    },
    {
      "DomainName": "googleapis.com",
      "Domains": [
        {
          "HTTPVersion": "HTTP/1.1",
          "IP": "173.194.220.95",
          "IncludeInScript": false,
          "Name": "www.googleapis.com",
          "Port": 443,
          "Requests": [
            {
              "CompressionType": "gzip",
              "DataType": "application/json",
              "DownloadTime": 32,
              "EventId": 2145,
              "HttpStatus": 200,
              "Size": 94,
              "URL": "https://www.googleapis.com/geolocation/v1/geolocate?key=AIzaSyBOti4mM-6x9WDnZIjIeyEU21OpBXqWBgw"
            }
          ],
          "SSLCipher": "",
          "SSLVersion": ""
        },
        {
          "HTTPVersion": "HTTP/1.1",
          "IP": "173.194.73.94",
          "IncludeInScript": false,
          "Name": "update.googleapis.com",
          "Port": 443,
          "Requests": [
            {
              "CompressionType": "gzip",
              "DataType": "application/json",
              "DownloadTime": 78,
              "EventId": 3168,
              "HttpStatus": 200,
              "Size": 1095,
              "URL": "https://update.googleapis.com/service/update2/json?cup2key=10:245575834&cup2hreq=b450732cda5767efd7cdee8b1012620bee3c482b9ad8cb85d4b9c7198747b6ec"
            }
          ],
          "SSLCipher": "ECDHE-RSA-AES128-SHA",
          "SSLVersion": "TLS1.1"
        },
        {
          "HTTPVersion": "HTTP/1.1",
          "IP": "64.233.163.95",
          "IncludeInScript": false,
          "Name": "content-autofill.googleapis.com",
          "Port": 443,
          "Requests": [
            {
              "CompressionType": "gzip",
              "DataType": "text/plain",
              "DownloadTime": 16,
              "EventId": 3149,
              "HttpStatus": 200,
              "Size": 44,
              "URL": "https://content-autofill.googleapis.com/v1/pages/Chc2LjEuMTcxNS4xNDQyL2VuIChHR0xMKRIXCfw9WOgYVNAiEgUNFReaERIFDQiJrbYYoZrKAQ==?alt=proto"
            }
          ],
          "SSLCipher": "ECDHE-RSA-AES128-SHA",
          "SSLVersion": "TLS1.1"
        },
        {
          "HTTPVersion": "HTTP/1.1",
          "IP": "173.194.73.94",
          "IncludeInScript": false,
          "Name": "clientservices.googleapis.com",
          "Port": 443,
          "Requests": [
            {
              "CompressionType": "",
              "DataType": "",
              "DownloadTime": 16,
              "EventId": 2102,
              "HttpStatus": 304,
              "Size": 0,
              "URL": "https://clientservices.googleapis.com/chrome-variations/seed?osname=win&channel=stable&milestone=87"
            }
          ],
          "SSLCipher": "ECDHE-RSA-AES128-SHA",
          "SSLVersion": "TLS1.1"
        }
      ],
      "IncludeInScript": true
    },
    {
      "DomainName": "export.yandex.ru",
      "Domains": [
        {
          "HTTPVersion": "HTTP/1.1",
          "IP": "87.250.250.33",
          "IncludeInScript": false,
          "Name": "soft.export.yandex.ru",
          "Port": 443,
          "Requests": [
            {
              "CompressionType": "gzip",
              "DataType": "text/xml",
              "DownloadTime": 15,
              "EventId": 2353,
              "HttpStatus": 200,
              "Size": 79,
              "URL": "https://soft.export.yandex.ru/status.xml?yasoft=weatherchrome_chr&ui=%7B09DD5623-D941-75FB-FF65-BEE4E3B516BA%7D&ver=8.22.3&os=winnt&stat=dayuse&brandID=yandex&clid=2231762"
            }
          ],
          "SSLCipher": "ECDHE-RSA-AES128-SHA",
          "SSLVersion": "TLS1.1"
        },
        {
          "HTTPVersion": "HTTP/1.1",
          "IP": "93.158.134.17",
          "IncludeInScript": false,
          "Name": "export.yandex.ru",
          "Port": 443,
          "Requests": [
            {
              "CompressionType": "",
              "DataType": "application/xml",
              "DownloadTime": 47,
              "EventId": 2359,
              "HttpStatus": 200,
              "Size": 3065,
              "URL": "https://export.yandex.ru/bar/reginfo.xml?region=&lang=ru&brid=yandex&_rand=53718737"
            }
          ],
          "SSLCipher": "ECDHE-RSA-AES128-SHA",
          "SSLVersion": "TLS1.1"
        }
      ],
      "IncludeInScript": true
    },
    {
      "DomainName": "clck.yandex.ru",
      "Domains": [
        {
          "HTTPVersion": "HTTP/1.1",
          "IP": "213.180.193.14",
          "IncludeInScript": true,
          "Name": "clck.yandex.ru",
          "Port": 443,
          "Requests": [
            {
              "CompressionType": "",
              "DataType": "image/gif",
              "DownloadTime": 16,
              "EventId": 2428,
              "HttpStatus": 200,
              "Size": 43,
              "URL": "https://clck.yandex.ru/click/dtype=elduse/product=elmnt/path=batch/*"
            },
            {
              "CompressionType": "",
              "DataType": "image/gif",
              "DownloadTime": 31,
              "EventId": 2414,
              "HttpStatus": 200,
              "Size": 43,
              "URL": "https://clck.yandex.ru/click/dtype=stred/pid=278/cid=72364/path=nump.0/*"
            },
            {
              "CompressionType": "",
              "DataType": "image/gif",
              "DownloadTime": 16,
              "EventId": 2411,
              "HttpStatus": 200,
              "Size": 43,
              "URL": "https://clck.yandex.ru/click/dtype=stred/pid=278/cid=72364/path=numa.24/*"
            }
          ],
          "SSLCipher": "ECDHE-RSA-AES128-SHA",
          "SSLVersion": "TLS1.1"
        }
      ],
      "IncludeInScript": true
    },
    {
      "DomainName": "192.168.109.240",
      "Domains": [
        {
          "HTTPVersion": "HTTP/1.1",
          "IP": "192.168.109.240",
          "IncludeInScript": true,
          "Name": "192.168.109.240",
          "Port": 80,
          "Requests": [
            {
              "CompressionType": "",
              "DataType": "application/json",
              "DownloadTime": 32,
              "EventId": 3164,
              "HttpStatus": 401,
              "Size": 302,
              "URL": "http://192.168.109.240/internal/auth/authenticator/api/internalauth/auth?loaderKey=default"
            },
            {
              "CompressionType": "",
              "DataType": "application/json",
              "DownloadTime": 31,
              "EventId": 3154,
              "HttpStatus": 401,
              "Size": 302,
              "URL": "http://192.168.109.240/internal/auth/authenticator/api/internalauth/auth?loaderKey=default"
            },
            {
              "CompressionType": "",
              "DataType": "application/json",
              "DownloadTime": 31,
              "EventId": 3151,
              "HttpStatus": 401,
              "Size": 302,
              "URL": "http://192.168.109.240/internal/auth/authenticator/api/internalauth/auth?loaderKey=default"
            },
            {
              "CompressionType": "",
              "DataType": "font/woff2",
              "DownloadTime": 16,
              "EventId": 3138,
              "HttpStatus": 200,
              "Size": 60840,
              "URL": "http://192.168.109.240/internal/authutil/MaterialIcons-Regular.12a47ed5fd5585f0f422.woff2"
            },
            {
              "CompressionType": "",
              "DataType": "application/javascript",
              "DownloadTime": 78,
              "EventId": 3132,
              "HttpStatus": 200,
              "Size": 72492,
              "URL": "http://192.168.109.240/internal/authutil/5.aaabecb7b2435b372cd5.js"
            },
            {
              "CompressionType": "",
              "DataType": "font/woff2",
              "DownloadTime": 31,
              "EventId": 3129,
              "HttpStatus": 200,
              "Size": 22428,
              "URL": "http://192.168.109.240/internal/authutil/themes/default/fonts/roboto/roboto-v20-latin_cyrillic-regular.woff2"
            },
            {
              "CompressionType": "",
              "DataType": "font/woff2",
              "DownloadTime": 16,
              "EventId": 3126,
              "HttpStatus": 200,
              "Size": 22880,
              "URL": "http://192.168.109.240/internal/authutil/themes/default/fonts/roboto/roboto-v20-latin_cyrillic-500.woff2"
            },
            {
              "CompressionType": "",
              "DataType": "image/svg+xml",
              "DownloadTime": 16,
              "EventId": 3123,
              "HttpStatus": 200,
              "Size": 22269,
              "URL": "http://192.168.109.240/internal/authutil/themes/default/images/default-logo.svg"
            },
            {
              "CompressionType": "",
              "DataType": "text/css",
              "DownloadTime": 16,
              "EventId": 3121,
              "HttpStatus": 200,
              "Size": 5317,
              "URL": "http://192.168.109.240/internal/authutil/themes/default/theme.css"
            },
            {
              "CompressionType": "",
              "DataType": "application/json",
              "DownloadTime": 15,
              "EventId": 3119,
              "HttpStatus": 200,
              "Size": 641,
              "URL": "http://192.168.109.240/internal/authutil//configurations/configuration.json"
            },
            {
              "CompressionType": "",
              "DataType": "application/javascript",
              "DownloadTime": 265,
              "EventId": 3061,
              "HttpStatus": 200,
              "Size": 925746,
              "URL": "http://192.168.109.240/internal/authutil/main.81b056e6adee1957fff7.js"
            },
            {
              "CompressionType": "",
              "DataType": "application/javascript",
              "DownloadTime": 171,
              "EventId": 3047,
              "HttpStatus": 200,
              "Size": 200236,
              "URL": "http://192.168.109.240/internal/authutil/polyfills.adc7784a1251bb58b248.js"
            },
            {
              "CompressionType": "",
              "DataType": "text/css",
              "DownloadTime": 47,
              "EventId": 3028,
              "HttpStatus": 200,
              "Size": 285728,
              "URL": "http://192.168.109.240/internal/authutil/styles.441d4b6bb0d262a7576b.css"
            },
            {
              "CompressionType": "",
              "DataType": "application/javascript",
              "DownloadTime": 31,
              "EventId": 3026,
              "HttpStatus": 200,
              "Size": 2282,
              "URL": "http://192.168.109.240/internal/authutil/runtime.912d0e53e8715a3eb26c.js"
            },
            {
              "CompressionType": "",
              "DataType": "text/html",
              "DownloadTime": 0,
              "EventId": 3024,
              "HttpStatus": 200,
              "Size": 1173,
              "URL": "http://192.168.109.240/internal/authutil/auth/login?returnUrl=http://192.168.109.240/internal/platform-admin-ui/"
            },
            {
              "CompressionType": "",
              "DataType": "",
              "DownloadTime": 16,
              "EventId": 3022,
              "HttpStatus": 401,
              "Size": 0,
              "URL": "http://192.168.109.240/internal/api/__check_session"
            },
            {
              "CompressionType": "",
              "DataType": "application/javascript",
              "DownloadTime": 125,
              "EventId": 2983,
              "HttpStatus": 200,
              "Size": 607196,
              "URL": "http://192.168.109.240/internal/platform-admin-ui/12.416582247b9526f72da2.js"
            },
            {
              "CompressionType": "",
              "DataType": "application/javascript",
              "DownloadTime": 79,
              "EventId": 2977,
              "HttpStatus": 200,
              "Size": 29408,
              "URL": "http://192.168.109.240/internal/platform-admin-ui/4.842d7f0dccf6876ffcfc.js"
            },
            {
              "CompressionType": "",
              "DataType": "application/javascript",
              "DownloadTime": 62,
              "EventId": 2973,
              "HttpStatus": 200,
              "Size": 50516,
              "URL": "http://192.168.109.240/internal/platform-admin-ui/3.c4a949ba0a212384bfec.js"
            },
            {
              "CompressionType": "",
              "DataType": "application/javascript",
              "DownloadTime": 32,
              "EventId": 2970,
              "HttpStatus": 200,
              "Size": 53343,
              "URL": "http://192.168.109.240/internal/platform-admin-ui/2.1891a41e4a0f084937e0.js"
            },
            {
              "CompressionType": "",
              "DataType": "font/woff2",
              "DownloadTime": 16,
              "EventId": 2967,
              "HttpStatus": 200,
              "Size": 25940,
              "URL": "http://192.168.109.240/internal/platform-admin-ui/themes/default/fonts/ptsans/ptsans.woff2"
            },
            {
              "CompressionType": "",
              "DataType": "font/woff2",
              "DownloadTime": 16,
              "EventId": 2964,
              "HttpStatus": 200,
              "Size": 25932,
              "URL": "http://192.168.109.240/internal/platform-admin-ui/themes/default/fonts/ptsans/ptsansbold.woff2"
            },
            {
              "CompressionType": "",
              "DataType": "image/svg+xml",
              "DownloadTime": 31,
              "EventId": 2958,
              "HttpStatus": 200,
              "Size": 1339,
              "URL": "http://192.168.109.240/internal/platform-admin-ui/themes/default/images/default-spinner.svg"
            },
            {
              "CompressionType": "",
              "DataType": "application/javascript",
              "DownloadTime": 62,
              "EventId": 2952,
              "HttpStatus": 200,
              "Size": 123944,
              "URL": "http://192.168.109.240/internal/platform-admin-ui/11.c02acfdbffc46255fbeb.js"
            },
            {
              "CompressionType": "",
              "DataType": "application/javascript",
              "DownloadTime": 62,
              "EventId": 2950,
              "HttpStatus": 200,
              "Size": 21050,
              "URL": "http://192.168.109.240/internal/platform-admin-ui/25.d6516b342757454e33d9.js"
            },
            {
              "CompressionType": "",
              "DataType": "text/css",
              "DownloadTime": 15,
              "EventId": 2947,
              "HttpStatus": 200,
              "Size": 1166,
              "URL": "http://192.168.109.240/internal/platform-admin-ui/themes/default/fonts/ptsans.css"
            },
            {
              "CompressionType": "",
              "DataType": "application/javascript",
              "DownloadTime": 32,
              "EventId": 2945,
              "HttpStatus": 200,
              "Size": 27795,
              "URL": "http://192.168.109.240/internal/platform-admin-ui/common.f69f8709d30822f7fa9b.js"
            },
            {
              "CompressionType": "",
              "DataType": "text/css",
              "DownloadTime": 0,
              "EventId": 2941,
              "HttpStatus": 200,
              "Size": 1240,
              "URL": "http://192.168.109.240/internal/platform-admin-ui/themes/default/theme.css"
            },
            {
              "CompressionType": "",
              "DataType": "application/json",
              "DownloadTime": 15,
              "EventId": 2939,
              "HttpStatus": 200,
              "Size": 1187,
              "URL": "http://192.168.109.240/internal/platform-admin-ui//configurations/configuration.json"
            },
            {
              "CompressionType": "",
              "DataType": "text/css",
              "DownloadTime": 406,
              "EventId": 2512,
              "HttpStatus": 200,
              "Size": 479559,
              "URL": "http://192.168.109.240/internal/platform-admin-ui/styles.934e1211369de65239dc.css"
            },
            {
              "CompressionType": "",
              "DataType": "application/javascript",
              "DownloadTime": 250,
              "EventId": 2469,
              "HttpStatus": 200,
              "Size": 327342,
              "URL": "http://192.168.109.240/internal/platform-admin-ui/polyfills.cfc88ca87321ca8e8ec7.js"
            },
            {
              "CompressionType": "",
              "DataType": "application/javascript",
              "DownloadTime": 281,
              "EventId": 2465,
              "HttpStatus": 200,
              "Size": 4811,
              "URL": "http://192.168.109.240/internal/platform-admin-ui/runtime.b9759be94b30ae2a33e0.js"
            },
            {
              "CompressionType": "",
              "DataType": "application/javascript",
              "DownloadTime": 32,
              "EventId": 2460,
              "HttpStatus": 200,
              "Size": 1616060,
              "URL": "http://192.168.109.240/internal/platform-admin-ui/main.a113815411d365738099.js"
            },
            {
              "CompressionType": "",
              "DataType": "application/javascript",
              "DownloadTime": 16,
              "EventId": 2456,
              "HttpStatus": 200,
              "Size": 4649707,
              "URL": "http://192.168.109.240/internal/platform-admin-ui/vendor.6597440179a1a361a262.js"
            },
            {
              "CompressionType": "",
              "DataType": "text/html",
              "DownloadTime": 16,
              "EventId": 2454,
              "HttpStatus": 200,
              "Size": 1861,
              "URL": "http://192.168.109.240/internal/platform-admin-ui/"
            },
            {
              "CompressionType": "",
              "DataType": "text/html",
              "DownloadTime": 32,
              "EventId": 2452,
              "HttpStatus": 301,
              "Size": 170,
              "URL": "http://192.168.109.240/internal/platform-admin-ui"
            },
            {
              "CompressionType": "",
              "DataType": "font/woff2",
              "DownloadTime": 47,
              "EventId": 2266,
              "HttpStatus": 200,
              "Size": 189648,
              "URL": "http://192.168.109.240/assets/fonts/fontawesome/webfonts/fa-light-300.woff2"
            },
            {
              "CompressionType": "",
              "DataType": "font/woff2",
              "DownloadTime": 31,
              "EventId": 2263,
              "HttpStatus": 200,
              "Size": 22880,
              "URL": "http://192.168.109.240/assets/fonts/roboto/roboto-v20-latin_cyrillic-500.woff2"
            },
            {
              "CompressionType": "",
              "DataType": "font/woff2",
              "DownloadTime": 31,
              "EventId": 2259,
              "HttpStatus": 200,
              "Size": 22536,
              "URL": "http://192.168.109.240/assets/fonts/roboto/roboto-v20-latin_cyrillic-700.woff2"
            },
            {
              "CompressionType": "",
              "DataType": "font/woff2",
              "DownloadTime": 15,
              "EventId": 2257,
              "HttpStatus": 200,
              "Size": 22428,
              "URL": "http://192.168.109.240/assets/fonts/roboto/roboto-v20-latin_cyrillic-regular.woff2"
            },
            {
              "CompressionType": "",
              "DataType": "image/svg+xml",
              "DownloadTime": 16,
              "EventId": 2170,
              "HttpStatus": 200,
              "Size": 22266,
              "URL": "http://192.168.109.240/assets/images/logo.svg"
            },
            {
              "CompressionType": "",
              "DataType": "",
              "DownloadTime": 31,
              "EventId": 2148,
              "HttpStatus": 401,
              "Size": 0,
              "URL": "http://192.168.109.240/internal/api/current-user-manager/api/current/extended-profile"
            },
            {
              "CompressionType": "",
              "DataType": "text/html",
              "DownloadTime": 15,
              "EventId": 2143,
              "HttpStatus": 200,
              "Size": 977,
              "URL": "http://192.168.109.240/themes/default.css"
            },
            {
              "CompressionType": "",
              "DataType": "application/json",
              "DownloadTime": 16,
              "EventId": 2006,
              "HttpStatus": 200,
              "Size": 667,
              "URL": "http://192.168.109.240//configurations/configuration.json"
            },
            {
              "CompressionType": "",
              "DataType": "application/javascript",
              "DownloadTime": 282,
              "EventId": 1893,
              "HttpStatus": 200,
              "Size": 444453,
              "URL": "http://192.168.109.240/main.f260e358d880bc7956b9.js"
            },
            {
              "CompressionType": "",
              "DataType": "application/javascript",
              "DownloadTime": 47,
              "EventId": 1771,
              "HttpStatus": 200,
              "Size": 36592,
              "URL": "http://192.168.109.240/polyfills.9cfb3f513e777138fb2c.js"
            },
            {
              "CompressionType": "",
              "DataType": "application/javascript",
              "DownloadTime": 47,
              "EventId": 1750,
              "HttpStatus": 200,
              "Size": 1485,
              "URL": "http://192.168.109.240/runtime.acf0dec4155e77772545.js"
            },
            {
              "CompressionType": "",
              "DataType": "text/css",
              "DownloadTime": 47,
              "EventId": 1736,
              "HttpStatus": 200,
              "Size": 213221,
              "URL": "http://192.168.109.240/assets/fonts/fontawesome/css/all.css"
            },
            {
              "CompressionType": "",
              "DataType": "text/css",
              "DownloadTime": 0,
              "EventId": 1732,
              "HttpStatus": 200,
              "Size": 5285340,
              "URL": "http://192.168.109.240/styles.206c321067b55e6a4b75.css"
            },
            {
              "CompressionType": "",
              "DataType": "text/css",
              "DownloadTime": 16,
              "EventId": 1729,
              "HttpStatus": 200,
              "Size": 2429,
              "URL": "http://192.168.109.240/assets/fonts/roboto/roboto.css"
            },
            {
              "CompressionType": "",
              "DataType": "text/html",
              "DownloadTime": 16,
              "EventId": 1638,
              "HttpStatus": 200,
              "Size": 977,
              "URL": "http://192.168.109.240/"
            }
          ],
          "SSLCipher": "None",
          "SSLVersion": "None"
        }
      ],
      "IncludeInScript": true
    }
  ],
  "WebSocket": {
    "IncludeInScript": false,
    "IsScriptIncludeWebSocket": true
  },
  "NumberOfCorrelations": 0
}